episode_reward_max,episode_reward_min,episode_reward_mean,episode_len_mean,episodes_this_iter,timesteps_this_iter,done,timesteps_total,episodes_total,training_iteration,experiment_id,date,timestamp,time_this_iter_s,time_total_s,pid,hostname,node_ip,time_since_restore,timesteps_since_restore,iterations_since_restore,num_healthy_workers,trial_id,experiment_tag,policy_reward_min/policy_0,policy_reward_max/policy_0,policy_reward_mean/policy_0,sampler_perf/mean_env_wait_ms,sampler_perf/mean_processing_ms,sampler_perf/mean_inference_ms,info/min_exploration,info/max_exploration,info/num_target_updates,info/num_steps_trained,info/num_steps_sampled,info/sample_throughput,info/train_throughput,info/num_weight_syncs,info/num_samples_dropped,perf/cpu_util_percent,perf/ram_util_percent,perf/gpu_util_percent0,perf/vram_util_percent0,perf/gpu_util_percent1,perf/vram_util_percent1,info/learner_queue/size_count,info/learner_queue/size_mean,info/learner_queue/size_std,info/learner_queue/size_quantiles,info/replay_shard_0/add_batch_time_ms,info/replay_shard_0/replay_time_ms,info/replay_shard_0/update_priorities_time_ms,info/replay_shard_0/policy_policy_0/added_count,info/replay_shard_0/policy_policy_0/sampled_count,info/replay_shard_0/policy_policy_0/est_size_bytes,info/replay_shard_0/policy_policy_0/num_entries,info/learner/policy_0/mean_q,info/learner/policy_0/max_q,info/learner/policy_0/min_q
3.2728727229405195,-215.4986933346372,-99.01851582698427,116.06569343065694,137,47680,False,47680,137,1,345395474f844ccb8717f83609c08a5d,2020-02-03_21-48-40,1580784520,31.128252029418945,31.128252029418945,8908,gammaumd5,10.70.51.83,31.128252029418945,47680,1,8,c1743e38,0,-121.53347580631575,4.763817230472341,-33.006171942328095,20.655800882086584,6.7036082451658965,2.172741005558036,0.0,0.4,5,285184,47680,0.0,0.0,96,2306,81.83170731707318,78.44878048780488,0.0,0.013525780682643426,0.09536585365853657,0.09973681822306922,23398,0.26,0.5219195340279956,"[0.0, 0.0, 0.0, 1.0, 2.0]",34.346,79.055,81.712,32160,76288,42143740,25000,-4.3793864,3.991447,-115.51145
4.022871191846193,-244.81729318760335,-117.88927176717253,75.6537216828479,309,62560,False,110240,446,2,345395474f844ccb8717f83609c08a5d,2020-02-03_21-49-11,1580784551,30.808274745941162,61.93652677536011,8908,gammaumd5,10.70.51.83,61.93652677536011,110240,2,8,c1743e38,0,-130.9234556579031,14.075018046579011,-39.296423922390844,19.49530930496013,6.716338854208032,1.978376051015478,0.0,0.4,12,645632,110240,0.0,47952.029,227,2306,83.46153846153847,83.25128205128205,0.0,0.013558367316537248,0.10871794871794872,0.1020963789817588,24102,0.28,0.5670978751503131,"[0.0, 0.0, 0.0, 1.0, 2.0]",32.859,77.736,78.705,76320,164352,42143740,25000,-8.975266,6.632467,-113.611786
3.893820988247157,-230.89164932770655,-108.52506923700112,91.79636363636364,275,62720,False,172960,721,3,345395474f844ccb8717f83609c08a5d,2020-02-03_21-49-42,1580784582,31.136062145233154,93.07258892059326,8908,gammaumd5,10.70.51.83,93.07258892059326,172960,3,8,c1743e38,0,-127.01768118306063,17.006872637585424,-36.17502307900037,19.181605488197828,6.688020110663741,1.9392918036133453,0.0,0.4,19,1001984,172960,0.0,0.0,358,2306,83.22999999999999,87.4375,0.0,0.013616557734204792,0.1055,0.10209637898175879,24798,0.16,0.36660605559646714,"[0.0, 0.0, 0.0, 1.0, 1.0]",35.731,74.294,77.747,130560,249856,42143740,25000,-5.7418857,20.392965,-116.26213
-70.70376238040626,-342.3600585865789,-115.83256675327264,80.53198653198653,297,63840,False,236800,1018,4,345395474f844ccb8717f83609c08a5d,2020-02-03_21-50-13,1580784613,31.091607093811035,124.1641960144043,8908,gammaumd5,10.70.51.83,124.1641960144043,236800,4,8,c1743e38,0,-132.36893816121545,13.555092871111505,-38.61085558442422,18.958327763044142,6.700942708620147,1.9177368250896565,0.0,0.4,27,1356288,236800,0.0,0.0,490,2306,83.0325,91.32750000000001,0.0,0.013575708061002178,0.10024999999999999,0.10209637898175879,25490,0.06,0.23748684174075835,"[0.0, 0.0, 0.0, 0.0, 1.0]",37.688,71.486,70.529,174720,336896,42143740,25000,-7.440381,17.236902,-105.14303
-35.57315404550174,-224.16145101841542,-111.17959636497368,48.55072463768116,483,61920,False,298720,1501,5,345395474f844ccb8717f83609c08a5d,2020-02-03_21-50-44,1580784644,31.1569881439209,155.3211841583252,8908,gammaumd5,10.70.51.83,155.3211841583252,298720,5,8,c1743e38,0,-112.42069830054729,6.423593799117953,-37.059865454991225,18.780233528093188,6.9641067290071845,1.915121892422499,0.0,0.4,34,1714688,298720,0.0,0.0,620,2306,83.37750000000001,92.54,0.0,0.013525780682643426,0.0935,0.10209637898175879,26190,0.12,0.32496153618543844,"[0.0, 0.0, 0.0, 1.0, 1.0]",39.179,87.964,82.853,222240,422400,42143740,25000,-7.9858017,8.134141,-105.74258
-87.07341834437104,-224.51023610611446,-110.83094873377591,48.56394129979036,477,60960,False,359680,1978,6,345395474f844ccb8717f83609c08a5d,2020-02-03_21-51-16,1580784676,31.266414642333984,186.58759880065918,8908,gammaumd5,10.70.51.83,186.58759880065918,359680,6,8,c1743e38,0,-120.32830890229282,5.141381682672844,-36.94364957792531,18.757002127535245,7.121939039277316,1.912382316431542,0.0,0.4,41,2077696,359680,0.0,0.0,746,2306,83.32750000000001,93.04499999999999,0.00025,0.013525780682643426,0.10375000000000001,0.10209637898175879,26899,0.14,0.4004996878900157,"[0.0, 0.0, 0.0, 1.0, 2.0]",36.917,84.561,88.947,276480,505344,42143740,25000,-8.956884,11.462042,-108.84392
-82.9044054215774,-296.73127749329433,-113.70666728995016,56.99704142011834,338,63040,False,422720,2316,7,345395474f844ccb8717f83609c08a5d,2020-02-03_21-51-47,1580784707,31.16437530517578,217.75197410583496,8908,gammaumd5,10.70.51.83,217.75197410583496,422720,7,8,c1743e38,0,-117.66824974662936,8.413324860545494,-37.90222242998339,18.668609708340828,7.10611088302597,1.9001675310474546,0.0,0.4,48,2439168,422720,0.0,0.0,878,2306,82.73499999999999,93.21000000000001,0.0,0.013525780682643426,0.10800000000000001,0.10209637898175879,27605,0.2,0.447213595499958,"[0.0, 0.0, 0.0, 1.0, 2.0]",38.2,85.033,82.616,330720,585728,42143740,25000,-5.255495,9.1011,-112.570625
30.28639053506776,-336.7677668565885,-104.35334017113995,102.28,275,63040,False,485760,2591,8,345395474f844ccb8717f83609c08a5d,2020-02-03_21-52-18,1580784738,31.370936632156372,249.12291073799133,8908,gammaumd5,10.70.51.83,249.12291073799133,485760,8,8,c1743e38,0,-123.48180777439848,10.373063701127343,-34.784446723713316,18.687924344358773,7.057390822431277,1.8996911177598668,0.0,0.4,55,2802176,485760,0.0,0.0,1009,2306,83.1975,93.325,0.00025,0.013525780682643426,0.10675000000000001,0.10209637898175879,28315,0.06,0.23748684174075835,"[0.0, 0.0, 0.0, 0.0, 1.0]",38.342,81.583,79.289,370080,672256,42143740,25000,-6.6763053,9.8240185,-108.04449
-94.5144638658967,-306.09903247025795,-115.03103370176082,49.07773109243698,476,61760,False,547520,3067,9,345395474f844ccb8717f83609c08a5d,2020-02-03_21-52-49,1580784769,31.14179801940918,280.2647087574005,8908,gammaumd5,10.70.51.83,280.2647087574005,547520,9,8,c1743e38,0,-117.77043453914423,3.6868517900196167,-38.34367790058695,18.605460664351146,7.154921666363049,1.899661847110688,0.0,0.4,63,3168256,547520,0.0,0.0,1138,2306,82.82249999999999,93.4675,0.0,0.013525780682643426,0.10625,0.10209637898175879,29029,0.14,0.3469870314579494,"[0.0, 0.0, 0.0, 1.0, 1.0]",36.72,78.656,76.822,418560,756736,42143740,25000,-13.053857,11.204695,-116.95869
-96.42654907982798,-227.03478784672916,-109.51400265226813,35.47067901234568,648,60800,False,608320,3715,10,345395474f844ccb8717f83609c08a5d,2020-02-03_21-53-20,1580784800,31.07345461845398,311.3381633758545,8908,gammaumd5,10.70.51.83,311.3381633758545,608320,10,8,c1743e38,0,-115.76152981049381,2.8039051966431217,-36.504667550756054,18.51319887412201,7.298467442806342,1.8930303858187374,0.0,0.4,70,3535360,608320,0.0,0.0,1263,2306,83.0575,93.6575,0.0,0.013525780682643426,0.10500000000000001,0.10209637898175879,29746,0.1,0.3,"[0.0, 0.0, 0.0, 0.10000000000000142, 1.0]",40.507,77.106,71.378,465120,840704,42143740,25000,-12.790447,6.4334807,-113.727715
-100.21555997687392,-307.05961427185684,-122.71664772206698,32.3026874115983,707,61120,False,669440,4422,11,345395474f844ccb8717f83609c08a5d,2020-02-03_21-53-52,1580784832,31.125507831573486,342.463671207428,8908,gammaumd5,10.70.51.83,342.463671207428,669440,11,8,c1743e38,0,-107.65951038252872,0.8318500737659633,-40.90554924068899,18.414630324823758,7.448430205652105,1.89127101484037,0.0,0.4,77,3899392,669440,0.0,0.0,1392,2306,82.9425,93.95750000000001,0.0,0.013525780682643426,0.10125000000000002,0.10209637898175879,30457,0.22,0.46,"[0.0, 0.0, 0.0, 1.0, 2.0]",36.597,80.858,78.787,516960,922624,42143740,25000,-14.486273,3.6089792,-108.11758
-93.05702745448798,-306.2688747176435,-112.65912500527804,36.21111111111111,630,60480,False,729920,5052,12,345395474f844ccb8717f83609c08a5d,2020-02-03_21-54-23,1580784863,31.21120047569275,373.6748716831207,8908,gammaumd5,10.70.51.83,373.6748716831207,729920,12,8,c1743e38,0,-105.39548733566579,2.9498693405184895,-37.55304166842602,18.367936442421023,7.54476045377634,1.8900633469707495,0.0,0.4,84,4262400,729920,0.0,0.0,1517,2306,82.9925,94.07750000000001,0.00025,0.013525780682643426,0.10300000000000002,0.10209637898175879,31166,0.22,0.46,"[0.0, 0.0, 0.0, 1.0, 2.0]",38.874,88.542,81.105,562080,1006080,42143740,25000,-15.599087,3.5533426,-129.30649
-95.29151312913747,-304.06420561345294,-117.80560193755173,40.081314878892734,578,61760,False,791680,5630,13,345395474f844ccb8717f83609c08a5d,2020-02-03_21-54-54,1580784894,31.25128149986267,404.9261531829834,8908,gammaumd5,10.70.51.83,404.9261531829834,791680,13,8,c1743e38,0,-109.41002820719343,2.6505678068691196,-39.26853397918391,18.29115142456548,7.621464523508029,1.889314130434149,0.0,0.4,92,4624384,791680,0.0,0.0,1647,2306,83.35,94.21000000000001,0.0,0.013525780682643426,0.10175000000000001,0.10209637898175879,31873,0.06,0.23748684174075835,"[0.0, 0.0, 0.0, 0.0, 1.0]",38.514,88.403,84.808,600480,1092608,42143740,25000,-15.11076,4.297591,-112.28286
-87.22563477535732,-217.22669174708426,-107.8337698406176,43.822265625,512,60800,False,852480,6142,14,345395474f844ccb8717f83609c08a5d,2020-02-03_21-55-26,1580784926,31.280304670333862,436.20645785331726,8908,gammaumd5,10.70.51.83,436.20645785331726,852480,14,8,c1743e38,0,-121.55525519357374,5.102049050386995,-35.94458994687253,18.276051372110384,7.636636266215746,1.8856765509731876,0.0,0.4,99,4986880,852480,3055.333,9777.066,1774,2306,83.22,94.32000000000001,0.0,0.01360294117647059,0.10950000000000001,0.10209637898175879,32581,0.1,0.3,"[0.0, 0.0, 0.0, 0.10000000000000142, 1.0]",36.065,80.677,85.666,644640,1177088,42143740,25000,-11.305986,3.6649625,-117.607925
-4.414287262829028,-227.61693452694456,-107.92361479164916,71.62762762762763,333,62720,False,915200,6475,15,345395474f844ccb8717f83609c08a5d,2020-02-03_21-55-57,1580784957,31.215556859970093,467.42201471328735,8908,gammaumd5,10.70.51.83,467.42201471328735,915200,15,8,c1743e38,0,-110.97031261570132,4.432156368934855,-35.974538263883055,18.28035973715895,7.599566867132392,1.8861389161186772,0.0,0.4,106,5350912,915200,0.0,0.0,1904,2306,82.975,94.4675,0.0,0.013616557734204792,0.11174999999999999,0.10209637898175879,33292,0.1,0.3,"[0.0, 0.0, 0.0, 0.10000000000000142, 1.0]",39.58,87.1,82.913,686400,1262080,42143740,25000,-12.058203,1.2042258,-116.99027
-7.663716642462568,-394.4700685208663,-116.39654619528731,68.444,250,63200,False,978400,6725,16,345395474f844ccb8717f83609c08a5d,2020-02-03_21-56-28,1580784988,31.136386394500732,498.5584011077881,8908,gammaumd5,10.70.51.83,498.5584011077881,978400,16,8,c1743e38,0,-133.53340695945857,3.207738877972588,-38.79884873176244,18.24618237418468,7.513797374692969,1.8751158645205115,0.0,0.4,113,5712896,978400,32422.874,0.0,2035,2306,82.7875,94.58,0.0,0.013532588961510527,0.10775000000000001,0.10209637898175879,34000,0.12,0.3249615361854384,"[0.0, 0.0, 0.0, 1.0, 1.0]",36.219,77.421,77.721,734880,1345536,42143740,25000,-3.2771626,5.545946,-101.675156
9.208141706185401,-474.6018755408001,-97.43919960823419,293.12,82,63520,False,1041920,6807,17,345395474f844ccb8717f83609c08a5d,2020-02-03_21-56-59,1580785019,30.926100254058838,529.4845013618469,8908,gammaumd5,10.70.51.83,529.4845013618469,1041920,17,8,c1743e38,0,-229.00389254426892,4.3366722646169364,-32.47973320274473,18.354726597712236,7.487187487235192,1.888625331500329,0.0,0.4,121,6075392,1041920,0.0,0.0,2168,2306,83.17435897435898,94.68974358974356,0.0,0.013525780682643426,0.10564102564102565,0.1020963789817588,34708,0.18,0.4331281565541544,"[0.0, 0.0, 0.0, 1.0, 2.0]",35.574,76.81,77.843,789120,1426432,42143740,25000,-4.67731,5.932162,-84.68756
9.587505846051485,-402.8518333057871,-108.57375333758655,145.873417721519,158,62880,False,1104800,6965,18,345395474f844ccb8717f83609c08a5d,2020-02-03_21-57-30,1580785050,31.09525728225708,560.579758644104,8908,gammaumd5,10.70.51.83,560.579758644104,1104800,18,8,c1743e38,0,-136.3893843179879,6.054298029979691,-36.191251112528846,18.343212763550074,7.390284863437371,1.8891769240579557,0.0,0.4,128,6434816,1104800,0.0,0.0,2300,2306,83.23499999999999,94.80999999999999,0.0,0.013525780682643426,0.10375000000000001,0.10209637898175879,35409,0.12,0.3249615361854384,"[0.0, 0.0, 0.0, 1.0, 1.0]",38.83,75.971,73.533,838560,1508864,42143740,25000,-3.2691293,4.162742,-98.46729
9.387147249421105,-402.8518333057871,-60.73647963428637,303.55,50,64480,False,1169280,7015,19,345395474f844ccb8717f83609c08a5d,2020-02-03_21-58-01,1580785081,31.10178852081299,591.681547164917,8908,gammaumd5,10.70.51.83,591.681547164917,1169280,19,8,c1743e38,0,-136.3893843179879,3.6893014265224338,-20.245493211428798,18.48487799963403,7.3928430664488705,1.9016298862904466,0.0,0.4,135,6798336,1169280,24668.749,157879.992,2432,2306,81.7325,93.125,0.0,0.013525780682643426,0.1015,0.09872946728378255,36119,0.16,0.36660605559646714,"[0.0, 0.0, 0.0, 1.0, 1.0]",34.332,77.062,72.564,889920,1592320,42143740,25000,-1.0717447,0.8253951,-64.109795
9.387147249421105,-361.7939867617098,-24.176837080826523,464.92,60,69440,False,1238720,7075,20,345395474f844ccb8717f83609c08a5d,2020-02-03_21-58-32,1580785112,30.997768878936768,622.6793160438538,8908,gammaumd5,10.70.51.83,622.6793160438538,1238720,20,8,c1743e38,0,-120.6546892443827,3.2483027789276093,-8.058945693608843,18.40195236878222,7.254197991294133,1.8885432935617006,0.0,0.4,143,7192576,1238720,0.0,0.0,2577,2306,69.8375,73.4625,0.0,0.013525780682643426,0.03025,0.06842726200199656,36889,0.12,0.3249615361854384,"[0.0, 0.0, 0.0, 1.0, 1.0]",33.314,61.139,67.695,943680,1684480,42143740,25000,-1.8367169,0.5669739,-110.771805
3.3164832997135747,-217.35176524193957,-23.19408697414911,449.02,58,69280,False,1308000,7133,21,345395474f844ccb8717f83609c08a5d,2020-02-03_21-59-03,1580785143,30.75844979286194,653.4377658367157,8908,gammaumd5,10.70.51.83,653.4377658367157,1308000,21,8,c1743e38,0,-111.2598960113246,1.7810979978336619,-7.731362324716371,18.399363448272556,7.156783260269304,1.8765637318993347,0.0,0.4,151,7587840,1308000,0.0,0.0,2722,2306,69.5475,73.6125,0.0,0.013525780682643426,0.03075,0.06842726200199656,37662,0.12,0.32496153618543844,"[0.0, 0.0, 0.0, 1.0, 1.0]",32.747,68.732,67.902,989760,1783808,42143740,25000,-1.6171238,3.7314794,-23.802721
17.15803239680826,-237.70549421780746,-93.85540750742136,150.59375,192,69120,False,1377120,7325,22,345395474f844ccb8717f83609c08a5d,2020-02-03_21-59-34,1580785174,30.977346897125244,684.4151127338409,8908,gammaumd5,10.70.51.83,684.4151127338409,1377120,22,8,c1743e38,0,-116.80562913239312,5.852214671360947,-31.285135835807118,18.250717728202986,6.980885950880997,1.8323639690904485,0.0,0.4,159,7980032,1377120,7297.297,0.0,2865,2306,69.95750000000001,73.77250000000001,0.0,0.013525780682643426,0.03,0.06842726200199656,38427,0.22,0.46,"[0.0, 0.0, 0.0, 1.0, 2.0]",33.024,62.194,64.862,1033920,1881600,42143740,25000,-8.07079,2.6904335,-147.68404
14.393733812496059,-230.2653757603839,-102.77911562210362,121.8688524590164,183,68160,False,1445280,7508,23,345395474f844ccb8717f83609c08a5d,2020-02-03_22-00-05,1580785205,31.013049125671387,715.4281618595123,8908,gammaumd5,10.70.51.83,715.4281618595123,1445280,23,8,c1743e38,0,-117.870277933854,10.450002050958574,-34.25970520736788,18.214291259249478,6.906160320723794,1.812645804002997,0.0,0.4,166,8374272,1445280,0.0,0.0,3008,2306,69.9125,73.96000000000001,0.0,0.013525780682643426,0.030000000000000006,0.06842726200199656,39197,0.24,0.47159304490206383,"[0.0, 0.0, 0.0, 1.0, 2.0]",29.459,75.091,70.878,1089120,1976320,42143740,25000,-6.0753317,4.3527727,-133.74925
9.08576187770813,-298.39993798104115,-78.44724324471753,218.1869918699187,123,68160,False,1513440,7631,24,345395474f844ccb8717f83609c08a5d,2020-02-03_22-00-36,1580785236,31.083425283432007,746.5115871429443,8908,gammaumd5,10.70.51.83,746.5115871429443,1513440,24,8,c1743e38,0,-111.8876182504464,8.955300518777221,-26.149081081572515,18.247316884666336,6.856361018928038,1.8069748570170832,0.0,0.4,174,8767488,1513440,0.0,0.0,3151,2306,69.83500000000001,74.10999999999999,0.0,0.013525780682643426,0.03025,0.06842726200199656,39965,0.1,0.3,"[0.0, 0.0, 0.0, 0.10000000000000142, 1.0]",27.865,68.117,72.62,1137600,2073600,42143740,25000,-2.7611058,1.0438898,-116.36032
10.024822965729967,-230.64080095826648,-63.516448034214555,310.35,71,68480,False,1581920,7702,25,345395474f844ccb8717f83609c08a5d,2020-02-03_22-01-07,1580785267,31.052064418792725,777.5636515617371,8908,gammaumd5,10.70.51.83,777.5636515617371,1581920,25,8,c1743e38,0,-111.8876182504464,6.898721080971882,-21.17214934473819,18.302546654019373,6.812926913051242,1.7995164163421316,0.0,0.4,182,9164288,1581920,10569.324,0.0,3293,2306,69.575,74.245,0.0,0.013548474945533767,0.03075,0.06842726200199656,40740,0.12,0.3249615361854384,"[0.0, 0.0, 0.0, 1.0, 1.0]",30.968,68.54,65.463,1192800,2168832,42143740,25000,-2.049048,2.358532,-92.66102
3.7203972828574337,-221.97769807651642,-81.55681099210865,302.52,96,68800,False,1650720,7798,26,345395474f844ccb8717f83609c08a5d,2020-02-03_22-01-38,1580785298,31.043068170547485,808.6067197322845,8908,gammaumd5,10.70.51.83,808.6067197322845,1650720,26,8,c1743e38,0,-128.06889381872801,5.773632941146687,-27.185603664036222,18.225716280744074,6.705731721804147,1.7780492776511343,0.0,0.4,190,9563648,1650720,0.0,0.0,3436,2306,69.28999999999999,74.3925,0.0,0.013616557734204792,0.031000000000000007,0.06842726200199656,41520,0.24,0.47159304490206383,"[0.0, 0.0, 0.0, 1.0, 2.0]",33.309,74.709,70.769,1250880,2265088,42143740,25000,-3.3818386,4.2064204,-110.56703
0.3157204238232225,-256.71307495236397,-106.90848273912778,62.970588235294116,408,66400,False,1717120,8206,27,345395474f844ccb8717f83609c08a5d,2020-02-03_22-02-10,1580785330,31.124122858047485,839.730842590332,8908,gammaumd5,10.70.51.83,839.730842590332,1717120,27,8,c1743e38,0,-125.22018478546912,14.869729078141972,-35.636160913042595,18.19483336620821,6.693570553167899,1.768505090522792,0.0,0.4,198,9959936,1717120,0.0,0.0,3575,2306,69.61463414634146,74.5439024390244,0.00024390243902439024,0.013587774766636553,0.03,0.06842726200199656,42294,0.14,0.40049968789001567,"[0.0, 0.0, 0.0, 1.0, 2.0]",31.746,64.875,64.645,1297920,2361344,42143740,25000,-9.972247,2.1187706,-108.001045
0.7731330078095198,-208.2219246609602,-104.72226938795289,52.45283018867924,477,66560,False,1783680,8683,28,345395474f844ccb8717f83609c08a5d,2020-02-03_22-02-41,1580785361,31.108044624328613,870.8388872146606,8908,gammaumd5,10.70.51.83,870.8388872146606,1783680,28,8,c1743e38,0,-113.8016561359788,6.643102813977748,-34.907423129317635,18.18606356306721,6.711125960002277,1.763885842724169,0.0,0.4,206,10358272,1783680,0.0,0.0,3713,2306,69.8725,74.73500000000001,0.0,0.013525780682643426,0.0315,0.06842726200199656,43072,0.06,0.23748684174075835,"[0.0, 0.0, 0.0, 0.0, 1.0]",33.26,74.995,69.014,1342080,2460160,42143740,25000,-9.351978,2.2941802,-101.94152
-81.72529965732247,-298.5367877392564,-106.1529150583129,50.10569105691057,492,66240,False,1849920,9175,29,345395474f844ccb8717f83609c08a5d,2020-02-03_22-03-12,1580785392,31.174304246902466,902.0131914615631,8908,gammaumd5,10.70.51.83,902.0131914615631,1849920,29,8,c1743e38,0,-114.36897847925624,8.513314589780443,-35.38430501943763,18.147804574514865,6.709239473493698,1.7501784133379903,0.0,0.4,214,10757120,1849920,0.0,0.0,3850,2306,69.79249999999999,74.89,0.0,0.013525780682643426,0.03,0.06842726200199656,43852,0.14,0.4004996878900157,"[0.0, 0.0, 0.0, 1.0, 2.0]",33.398,72.831,72.504,1386240,2559488,42143740,25000,-8.415294,8.574404,-110.9708
-9.225597233511522,-206.92285943659954,-101.72472758732273,53.77100840336134,476,66400,False,1916320,9651,30,345395474f844ccb8717f83609c08a5d,2020-02-03_22-03-43,1580785423,31.025237321853638,933.0384287834167,8908,gammaumd5,10.70.51.83,933.0384287834167,1916320,30,8,c1743e38,0,-112.12995804124512,5.777453199649848,-33.90824252910758,18.11670522216844,6.7124739760857555,1.7431323234601728,0.0,0.4,222,11153408,1916320,0.0,0.0,3990,2306,69.735,75.07249999999999,0.0,0.013525780682643426,0.03125,0.06842726200199656,44625,0.08,0.2712931993250107,"[0.0, 0.0, 0.0, 0.0, 1.0]",30.637,71.917,65.952,1439520,2656256,42143740,25000,-11.973201,1.5957948,-120.18164
-91.72910575708376,-220.00032899575308,-105.3944763320269,48.24474187380497,523,67040,False,1983360,10174,31,345395474f844ccb8717f83609c08a5d,2020-02-03_22-04-14,1580785454,31.000426769256592,964.0388555526733,8908,gammaumd5,10.70.51.83,964.0388555526733,1983360,31,8,c1743e38,0,-113.6644641701132,3.4920766710614117,-35.13149211067563,18.08486583536855,6.72155790994147,1.7356617985370488,0.0,0.4,230,11551232,1983360,0.0,0.0,4130,2306,69.815,75.275,0.0,0.013525780682643426,0.030500000000000006,0.06842726200199656,45402,0.14,0.3469870314579494,"[0.0, 0.0, 0.0, 1.0, 1.0]",36.944,74.636,75.208,1485600,2755072,42143740,25000,-9.179654,0.33260006,-101.889915
-90.60588673641908,-299.5173640148714,-107.33076133421656,47.32954545454545,528,66240,False,2049600,10702,32,345395474f844ccb8717f83609c08a5d,2020-02-03_22-04-45,1580785485,30.963794946670532,995.0026504993439,8908,gammaumd5,10.70.51.83,995.0026504993439,2049600,32,8,c1743e38,0,-106.48565727565438,3.9690484678527937,-35.776920444738856,18.044567917893364,6.732856811636702,1.727986222928132,0.0,0.4,238,11945472,2049600,0.0,0.0,4268,2306,70.08000000000001,75.475,0.0,0.013525780682643426,0.03025,0.06842726200199656,46173,0.2,0.4472135954999579,"[0.0, 0.0, 0.0, 1.0, 2.0]",28.281,70.445,72.384,1534080,2850816,42143740,25000,-13.580025,12.154011,-121.45473
-91.53303907462396,-244.44717558776028,-109.75904334292098,56.25400457665904,437,67680,False,2117280,11139,33,345395474f844ccb8717f83609c08a5d,2020-02-03_22-05-16,1580785516,31.07779550552368,1026.0804460048676,8908,gammaumd5,10.70.51.83,1026.0804460048676,2117280,33,8,c1743e38,0,-125.09552121263309,3.996222388853006,-36.58634778097366,18.023477948717527,6.734533688930618,1.722931143829402,0.0,0.4,245,12339200,2117280,0.0,112433.699,4409,2306,69.87,75.675,0.0,0.013525780682643426,0.03025,0.06842726200199656,46941,0.12,0.38157568056677826,"[0.0, 0.0, 0.0, 0.10000000000000142, 2.0]",32.656,71.575,68.719,1585440,2946048,42143740,25000,-7.520494,11.908115,-119.77316
6.6185667992103845,-388.4859643229284,-112.18600885666014,64.17761557177616,411,68320,False,2185600,11550,34,345395474f844ccb8717f83609c08a5d,2020-02-03_22-05-47,1580785547,31.03598713874817,1057.1164331436157,8908,gammaumd5,10.70.51.83,1057.1164331436157,2185600,34,8,c1743e38,0,-136.68401310934374,5.369836715670921,-37.39533628555338,17.96260435623292,6.723099965298646,1.7156676425568902,0.0,0.4,253,12734976,2185600,10640.041,0.0,4551,2306,69.26341463414634,75.91951219512195,0.0,0.013525780682643426,0.029756097560975615,0.06842726200199656,47714,0.14,0.40049968789001567,"[0.0, 0.0, 0.0, 1.0, 2.0]",30.888,70.799,67.986,1637760,3042304,42143740,25000,-7.4707007,6.577443,-105.53917
-90.39131353539416,-297.0097997239791,-103.66787394854524,52.670859538784065,477,67680,False,2253280,12027,35,345395474f844ccb8717f83609c08a5d,2020-02-03_22-06-18,1580785578,31.117356777191162,1088.2337899208069,8908,gammaumd5,10.70.51.83,1088.2337899208069,2253280,35,8,c1743e38,0,-106.59550435251248,4.703454917451985,-34.55595798284841,17.94177875210766,6.728062453480817,1.7095186962792828,0.0,0.4,261,13132800,2253280,3516.683,11253.386,4692,2306,69.965,76.1375,0.0,0.013525780682643426,0.03025,0.06842726200199656,48492,0.08,0.2712931993250107,"[0.0, 0.0, 0.0, 0.0, 1.0]",32.787,68.449,69.142,1693920,3139072,42143740,25000,-12.191844,10.0435705,-119.036766
14.883839790243655,-229.69889427814633,-102.59659144653786,95.15294117647059,255,68640,False,2321920,12282,36,345395474f844ccb8717f83609c08a5d,2020-02-03_22-06-50,1580785610,31.146859884262085,1119.380649805069,8908,gammaumd5,10.70.51.83,1119.380649805069,2321920,36,8,c1743e38,0,-116.24728967373571,7.437036051085059,-34.19886381551262,17.938551027555484,6.712058859268783,1.7089954780458168,0.0,0.4,269,13524480,2321920,0.0,0.0,4835,2306,70.00999999999999,76.285,0.0,0.013525780682643426,0.030000000000000006,0.06842726200199656,49257,0.22,0.4142463035441596,"[0.0, 0.0, 0.0, 1.0, 1.0]",34.337,72.083,72.04,1742880,3234304,42143740,25000,-3.964305,12.487867,-107.13703
9.033590956125394,-296.8503003544174,-96.12813123874984,115.28318584070796,226,68480,False,2390400,12508,37,345395474f844ccb8717f83609c08a5d,2020-02-03_22-07-21,1580785641,31.01957678794861,1150.4002265930176,8908,gammaumd5,10.70.51.83,1150.4002265930176,2390400,37,8,c1743e38,0,-118.48222830301772,10.504643389567107,-32.04271041291661,17.86525637834989,6.6553187921217605,1.6917575479181786,0.0,0.4,277,13919744,2390400,0.0,146535.902,4978,2306,69.485,76.4475,0.0,0.013587055192447347,0.030000000000000006,0.06842726200199656,50028,0.18,0.4331281565541544,"[0.0, 0.0, 0.0, 1.0, 2.0]",36.462,68.038,59.367,1806240,3328000,42143740,25000,-3.914732,23.592865,-101.68769
8.189549217233427,-325.1067190610338,-108.67554493730313,68.0701754385965,399,67680,False,2458080,12907,38,345395474f844ccb8717f83609c08a5d,2020-02-03_22-07-52,1580785672,31.03619647026062,1181.4364230632782,8908,gammaumd5,10.70.51.83,1181.4364230632782,2458080,38,8,c1743e38,0,-130.91463818168268,3.50209276556658,-36.22518164576772,17.875588863861662,6.670184447946696,1.6950365952653705,0.0,0.4,285,14315008,2458080,0.0,0.0,5118,2306,69.84,76.6125,0.0,0.013616557734204792,0.031000000000000007,0.06842726200199656,50800,0.24,0.47159304490206383,"[0.0, 0.0, 0.0, 1.0, 2.0]",32.13,67.887,67.978,1858560,3424768,42143740,25000,-10.16659,6.1457367,-150.08691
-87.818533472484,-305.3150973827578,-111.67848028731133,47.232848232848234,481,66720,False,2524800,13388,39,345395474f844ccb8717f83609c08a5d,2020-02-03_22-08-23,1580785703,30.98920440673828,1212.4256274700165,8908,gammaumd5,10.70.51.83,1212.4256274700165,2524800,39,8,c1743e38,0,-128.85762814548798,5.318574943967782,-37.22616009577045,17.869586932966005,6.674655086315625,1.6897106575037861,0.0,0.4,293,14711808,2524800,8133.619,26027.581,5257,2306,69.66,76.7975,0.0005,0.013548474945533767,0.03075,0.06842726200199656,51575,0.14,0.3469870314579494,"[0.0, 0.0, 0.0, 1.0, 1.0]",36.739,71.674,72.218,1907520,3521024,42143740,25000,-10.088472,1.9527597,-105.44005
14.719253506977111,-299.5401366313454,-111.90166873125008,116.3314606741573,178,69440,False,2594240,13566,40,345395474f844ccb8717f83609c08a5d,2020-02-03_22-08-54,1580785734,30.870951414108276,1243.2965788841248,8908,gammaumd5,10.70.51.83,1243.2965788841248,2594240,40,8,c1743e38,0,-129.29723635618575,9.694272220755614,-37.30055624375003,17.859441364591227,6.652849461869172,1.6882405346254987,0.0,0.4,301,15107584,2594240,0.0,0.0,5402,2306,69.5875,76.955,0.0,0.013525780682643426,0.03125,0.06842726200199656,52348,0.16,0.36660605559646714,"[0.0, 0.0, 0.0, 1.0, 1.0]",33.491,70.11,65.879,1961760,3617280,42143740,25000,-3.8956335,3.5773168,-109.43696
36.94740674458444,-305.79794383700937,-78.86094169188175,310.17,97,69440,False,2663680,13663,41,345395474f844ccb8717f83609c08a5d,2020-02-03_22-09-25,1580785765,30.907915353775024,1274.2044942378998,8908,gammaumd5,10.70.51.83,1274.2044942378998,2663680,41,8,c1743e38,0,-117.92665815539658,13.03926733089611,-26.286980563960583,17.81344496683282,6.595137965620641,1.6752238636590142,0.0,0.4,308,15501312,2663680,0.0,0.0,5547,2306,69.895,77.155,0.0,0.013525780682643426,0.02975,0.06842726200199656,53118,0.12,0.32496153618543844,"[0.0, 0.0, 0.0, 1.0, 1.0]",32.205,70.967,72.218,2018880,3714560,42143740,25000,-3.96646,5.2090673,-111.62541
14.500837108353153,-304.12312541762367,-104.87219015059875,69.38004750593824,421,67360,False,2731040,14084,42,345395474f844ccb8717f83609c08a5d,2020-02-03_22-09-56,1580785796,31.136130332946777,1305.3406245708466,8908,gammaumd5,10.70.51.83,1305.3406245708466,2731040,42,8,c1743e38,0,-114.30735716247,6.592115121039868,-34.95739671686625,17.834792884934135,6.613837275750754,1.680459283290084,0.0,0.4,316,15897088,2731040,0.0,0.0,5685,2306,69.47073170731707,77.37073170731706,0.0,0.013525780682643426,0.03097560975609756,0.06842726200199656,53890,0.12,0.32496153618543844,"[0.0, 0.0, 0.0, 1.0, 1.0]",32.678,68.007,70.665,2065440,3812864,42143740,25000,-7.2790236,12.374851,-105.995575
-87.76305887359194,-408.79750686907204,-108.8853343798472,55.05117270788912,469,67680,False,2798720,14553,43,345395474f844ccb8717f83609c08a5d,2020-02-03_22-10-27,1580785827,31.173165559768677,1336.5137901306152,8908,gammaumd5,10.70.51.83,1336.5137901306152,2798720,43,8,c1743e38,0,-158.26996294851415,5.546095981495455,-36.29511145994906,17.785734579591207,6.607667927031866,1.672808916292065,0.0,0.4,324,16291840,2798720,0.0,0.0,5829,2306,69.51,77.58999999999999,0.0,0.013525780682643426,0.02975,0.06842726200199656,54662,0.08,0.2712931993250107,"[0.0, 0.0, 0.0, 0.0, 1.0]",31.691,67.138,58.29,2113440,3908608,42143740,25000,-11.383236,6.2122355,-118.57774
-85.35862263129094,-225.91006017359905,-113.55650348691171,60.563245823389025,419,68000,False,2866720,14972,44,345395474f844ccb8717f83609c08a5d,2020-02-03_22-10-58,1580785858,31.125516176223755,1367.639306306839,8908,gammaumd5,10.70.51.83,1367.639306306839,2866720,44,8,c1743e38,0,-116.44377884167868,7.022018965178475,-37.852167828970565,17.773528645168945,6.612138056620597,1.6712778217515,0.0,0.4,332,16689152,2866720,0.0,0.0,5969,2306,69.85999999999999,77.8075,0.0,0.013525780682643426,0.03075,0.06842726200199656,55438,0.1,0.3,"[0.0, 0.0, 0.0, 0.10000000000000142, 1.0]",31.142,71.064,62.049,2169600,4004864,42143740,25000,-9.654076,10.363563,-112.589035
-85.74097334616818,-302.18654554337263,-111.5617726540206,57.06126914660832,457,67840,False,2934560,15429,45,345395474f844ccb8717f83609c08a5d,2020-02-03_22-11-29,1580785889,30.935319423675537,1398.5746257305145,8908,gammaumd5,10.70.51.83,1398.5746257305145,2934560,45,8,c1743e38,0,-117.02369211063099,5.5472529858816415,-37.1872575513402,17.73423714345924,6.60229444726097,1.6641706462506431,0.0,0.4,340,17083392,2934560,0.0,0.0,6111,2306,69.4375,78.025,0.0,0.013525780682643426,0.03025,0.06842726200199656,56208,0.3,0.5385164807134504,"[0.0, 0.0, 0.0, 1.0, 2.0]",35.277,66.853,66.414,2210880,4104192,42143740,25000,-11.130802,4.5966806,-106.581894
-86.83075780328363,-217.7084177045617,-111.44922339440427,57.28699551569507,446,68000,False,3002560,15875,46,345395474f844ccb8717f83609c08a5d,2020-02-03_22-12-00,1580785920,31.081419229507446,1429.656044960022,8908,gammaumd5,10.70.51.83,1429.656044960022,3002560,46,8,c1743e38,0,-120.57675898447633,6.022833195204534,-37.14974113146809,17.720103842424464,6.607333870971099,1.663122753952775,0.0,0.4,348,17480704,3002560,0.0,0.0,6254,2306,69.4875,78.225,0.0,0.013525780682643426,0.0315,0.06842726200199656,56983,0.06,0.23748684174075835,"[0.0, 0.0, 0.0, 0.0, 1.0]",32.905,73.997,70.771,2266560,4198912,42143740,25000,-10.29585,4.2525067,-108.24129
1.2153630300890583,-326.955394765595,-125.47269276382079,77.20307692307692,325,67520,False,3070080,16200,47,345395474f844ccb8717f83609c08a5d,2020-02-03_22-12-31,1580785951,30.874959468841553,1460.5310044288635,8908,gammaumd5,10.70.51.83,1460.5310044288635,3070080,47,8,c1743e38,0,-121.77074741991237,7.206416459288448,-41.824230921273596,17.70012364211737,6.588245954780153,1.6548481112210962,0.0,0.4,356,17876480,3070080,6793.22,21738.305,6394,2306,69.6925,78.44000000000001,0.00025,0.013525780682643426,0.03075,0.06842726200199656,57756,0.18,0.43312815655415426,"[0.0, 0.0, 0.0, 1.0, 2.0]",31.54,67.866,63.365,2316000,4296192,42143740,25000,-8.962907,6.256488,-95.727875
-7.754424378508716,-237.15881657553842,-139.38491465271716,71.08902077151335,337,67360,False,3137440,16537,48,345395474f844ccb8717f83609c08a5d,2020-02-03_22-13-02,1580785982,31.044616222381592,1491.5756206512451,8908,gammaumd5,10.70.51.83,1491.5756206512451,3137440,48,8,c1743e38,0,-146.23716637344722,8.933310574231044,-46.46163821757239,17.711727113858622,6.597462769208324,1.6603420268338953,0.0,0.4,364,18269696,3137440,0.0,0.0,6534,2306,69.6525,78.66499999999999,0.0,0.013534858387799564,0.03075,0.06842726200199656,58524,0.18,0.38418745424597095,"[0.0, 0.0, 0.0, 1.0, 1.0]",36.235,68.193,67.747,2360640,4393984,42143740,25000,-9.667892,6.4731812,-98.04132
32.61327573121524,-286.2851670952514,-125.3306528361416,114.03781512605042,238,68480,False,3205920,16775,49,345395474f844ccb8717f83609c08a5d,2020-02-03_22-13-33,1580786013,31.011699199676514,1522.5873198509216,8908,gammaumd5,10.70.51.83,1522.5873198509216,3205920,49,8,c1743e38,0,-122.71404169950014,11.554824147683874,-41.776884278713865,17.706350973335162,6.579722488278466,1.6569362553195894,0.0,0.4,372,18674688,3205920,10641.053,34051.369,6676,2306,69.3775,78.8625,0.0,0.013616557734204792,0.0315,0.06842726200199656,59315,0.3,0.5744562646538027,"[0.0, 0.0, 0.0, 1.0, 2.0]",30.699,74.004,71.287,2415360,4493824,42143740,25000,-6.4571204,5.062627,-91.650246
34.41165220597758,-313.1896698020864,-113.32188787898522,125.2542372881356,177,69120,False,3275040,16952,50,345395474f844ccb8717f83609c08a5d,2020-02-03_22-14-04,1580786044,30.889607191085815,1553.4769270420074,8908,gammaumd5,10.70.51.83,1553.4769270420074,3275040,50,8,c1743e38,0,-114.95067329580586,13.495046174774565,-37.773962626328405,17.683924482030907,6.549617016280559,1.6502170502291105,0.0,0.4,379,19069952,3275040,0.0,145918.574,6821,2306,69.6425,79.05749999999999,0.0,0.01360294117647059,0.03025,0.06842726200199656,60087,0.08,0.2712931993250107,"[0.0, 0.0, 0.0, 0.0, 1.0]",32.213,77.309,71.32,2460960,4591104,42143740,25000,-4.911035,3.1903193,-66.12249
42.64528801152481,-261.80708599765785,-54.864589637045285,315.52,71,70240,False,3345280,17023,51,345395474f844ccb8717f83609c08a5d,2020-02-03_22-14-35,1580786075,30.915542364120483,1584.392469406128,8908,gammaumd5,10.70.51.83,1584.392469406128,3345280,51,8,c1743e38,0,-117.10457507808071,14.997626187823087,-18.288196545681767,17.745676016654347,6.543073872968714,1.6522371524070991,0.0,0.4,387,19462144,3345280,0.0,0.0,6967,2306,69.8525,79.25750000000001,0.0,0.013525780682643426,0.030500000000000006,0.06842726200199656,60853,0.22,0.46,"[0.0, 0.0, 0.0, 1.0, 2.0]",31.152,69.857,74.741,2511360,4687360,42143740,25000,-3.0424728,0.5467697,-86.5229
8.196023711934686,-258.1357839782722,-81.93259576149553,172.07514450867052,173,70080,False,3415360,17196,52,345395474f844ccb8717f83609c08a5d,2020-02-03_22-15-06,1580786106,30.93747115135193,1615.3299405574799,8908,gammaumd5,10.70.51.83,1615.3299405574799,3415360,52,8,c1743e38,0,-118.82454857804501,16.18962592553968,-27.31086525383185,17.653167058222824,6.504432577090965,1.646860804573492,0.0,0.4,395,19853312,3415360,0.0,0.0,7111,2306,69.6825,79.4475,0.00025,0.013525780682643426,0.030000000000000006,0.06842726200199656,61618,0.24,0.5851495535331117,"[0.0, 0.0, 0.0, 1.0, 3.0]",31.199,69.719,66.831,2563680,4783104,42143740,25000,-8.0668335,1.5797029,-123.58485
25.277271794038818,-214.27694926084953,-101.90744216123062,93.08267716535433,254,68800,False,3484160,17450,53,345395474f844ccb8717f83609c08a5d,2020-02-03_22-15-37,1580786137,31.18080425262451,1646.5107448101044,8908,gammaumd5,10.70.51.83,1646.5107448101044,3484160,53,8,c1743e38,0,-118.43723368264426,8.854208787204698,-33.96914738707687,17.657078526824492,6.49303256072793,1.645396896426251,0.0,0.4,403,20250112,3484160,0.0,0.0,7255,2306,69.6725,79.6375,0.0,0.013525780682643426,0.031000000000000007,0.06842726200199656,62392,0.08,0.2712931993250107,"[0.0, 0.0, 0.0, 0.0, 1.0]",34.509,64.878,63.832,2615520,4878336,42143740,25000,-5.716408,3.0875542,-125.244064
14.131158013129607,-210.93705872958526,-105.42729719920109,117.66108786610879,239,68800,False,3552960,17689,54,345395474f844ccb8717f83609c08a5d,2020-02-03_22-16-08,1580786168,31.024725198745728,1677.53547000885,8908,gammaumd5,10.70.51.83,1677.53547000885,3552960,54,8,c1743e38,0,-118.7615804024972,10.095425713108853,-35.14243239973371,17.638549414942414,6.476185061426557,1.6416972313500933,0.0,0.4,411,20643328,3552960,0.0,0.0,7399,2306,69.77000000000001,79.8375,0.0,0.013525780682643426,0.03025,0.06842726200199656,63162,0.12,0.3249615361854384,"[0.0, 0.0, 0.0, 1.0, 1.0]",33.938,76.23,71.866,2671680,4975104,42143740,25000,-8.04806,5.411195,-113.70049
20.215011004591346,-286.9213210816961,-100.20792808357359,86.46712802768167,289,72000,False,3624960,17978,55,345395474f844ccb8717f83609c08a5d,2020-02-03_22-16-39,1580786199,30.942291021347046,1708.4777610301971,8908,gammaumd5,10.70.51.83,1708.4777610301971,3624960,55,8,c1743e38,0,-117.54291033279151,9.610517721700788,-33.40264269452453,17.59740802243487,6.4689295950268315,1.6410620332912624,0.0,0.4,419,21075456,3624960,0.0,14078.444,7550,2306,59.2625,65.65,0.0,0.013525780682643426,0.03125,0.053276159361103546,64004,0.26,0.4386342439892262,"[0.0, 0.0, 0.0, 1.0, 1.0]",29.26,62.134,57.082,2726400,5082112,42143740,25000,-5.1164126,0.95101243,-110.66695
12.234916738234453,-212.9710535244085,-97.63197438574147,56.73872180451128,532,74560,False,3699520,18510,56,345395474f844ccb8717f83609c08a5d,2020-02-03_22-17-10,1580786230,30.8985116481781,1739.3762726783752,8908,gammaumd5,10.70.51.83,1739.3762726783752,3699520,56,8,c1743e38,0,-113.36200219439343,8.041307965914406,-32.54399146191382,17.554748186033127,6.460743636740874,1.6328095584993851,0.0,0.4,429,21570048,3699520,0.0,115183.633,7704,2306,45.86,46.9,0.0005,0.013525780682643426,0.0365,0.03475814502223432,64970,0.14,0.4004996878900157,"[0.0, 0.0, 0.0, 1.0, 2.0]",28.744,54.71,52.694,2782560,5201920,42143740,25000,-9.412248,2.9648066,-100.4166
-73.7415806266945,-188.3933449976612,-99.53415096720727,51.37613019891501,553,74240,False,3773760,19063,57,345395474f844ccb8717f83609c08a5d,2020-02-03_22-17-41,1580786261,30.7631196975708,1770.139392375946,8908,gammaumd5,10.70.51.83,1770.139392375946,3773760,57,8,c1743e38,0,-109.56516111533469,10.153082393109798,-33.17805032240243,17.505809550893535,6.460913024360715,1.6286729041471804,0.0,0.4,439,22068224,3773760,0.0,82279.067,7859,2306,45.782500000000006,46.9525,0.0,0.013525780682643426,0.0355,0.03475814502223432,65944,0.26,0.482078831727758,"[0.0, 0.0, 0.0, 1.0, 2.0]",33.894,51.375,63.496,2841600,5324288,42143740,25000,-10.49302,0.59158975,-114.253044
-90.71220928081313,-109.06520000682215,-100.27750783489019,48.48581560283688,564,73600,False,3847360,19627,58,345395474f844ccb8717f83609c08a5d,2020-02-03_22-18-12,1580786292,30.813568830490112,1800.9529612064362,8908,gammaumd5,10.70.51.83,1800.9529612064362,3847360,58,8,c1743e38,0,-106.58686018750694,4.051522635932386,-33.425835944963396,17.464155075445184,6.463780885545186,1.6247497020872517,0.0,0.4,449,22565888,3847360,0.0,0.0,8014,2306,45.8625,47.029999999999994,0.00025,0.013525780682643426,0.035,0.03475814502223432,66916,0.2,0.4,"[0.0, 0.0, 0.0, 1.0, 1.0]",31.087,65.173,54.211,2896800,5448704,42143740,25000,-9.921413,4.8591747,-98.43326
-78.93124298471957,-202.56026143115014,-101.8050385203318,52.28007518796993,532,74400,False,3921760,20159,59,345395474f844ccb8717f83609c08a5d,2020-02-03_22-18-43,1580786323,30.68450379371643,1831.6374650001526,8908,gammaumd5,10.70.51.83,1831.6374650001526,3921760,59,8,c1743e38,0,-116.47236849856563,8.34116416579733,-33.93501284011061,17.414192970440578,6.464216242541177,1.6207915508734518,0.0,0.4,459,23063040,3921760,0.0,53638.816,8167,2306,46.15641025641027,47.09999999999999,0.0,0.013525780682643426,0.036666666666666674,0.034758145022234316,67887,0.22,0.41424630354415964,"[0.0, 0.0, 0.0, 1.0, 1.0]",23.155,56.388,51.255,2950560,5570560,42143740,25000,-11.240261,2.0710974,-108.877426
-13.874582955380902,-300.8111190549098,-105.17820530565635,53.092627599243855,529,74240,False,3996000,20688,60,345395474f844ccb8717f83609c08a5d,2020-02-03_22-19-14,1580786354,30.753936052322388,1862.391401052475,8908,gammaumd5,10.70.51.83,1862.391401052475,3996000,60,8,c1743e38,0,-117.87971923911634,11.040387194943222,-35.05940176855212,17.36925074984088,6.461570983643113,1.6161634430463911,0.0,0.4,469,23556096,3996000,0.0,0.0,8323,2306,45.945,47.1875,0.00025,0.013566630355846043,0.036,0.03475814502223432,68849,0.2,0.4898979485566356,"[0.0, 0.0, 0.0, 1.0, 2.0]",28.756,60.139,57.106,3009120,5688320,42143740,25000,-10.528949,4.287625,-100.953255
-59.031601311638966,-425.43158641527407,-100.71736465254003,61.596846846846844,444,75360,False,4071360,21132,61,345395474f844ccb8717f83609c08a5d,2020-02-03_22-19-45,1580786385,30.891881942749023,1893.283282995224,8908,gammaumd5,10.70.51.83,1893.283282995224,4071360,61,8,c1743e38,0,-208.9417614969425,15.617162430503711,-33.572454884180004,17.33190407895474,6.455956154604164,1.6120188769555417,0.0,0.4,479,24052224,4071360,0.0,0.0,8479,2306,45.864999999999995,47.24750000000001,0.0,0.013616557734204792,0.036,0.03475814502223432,69819,0.26,0.5589275444992848,"[0.0, 0.0, 0.0, 1.0, 2.0]",24.235,53.627,53.217,3064320,5811200,42143740,25000,-9.881917,0.8572117,-118.6299
23.521728856489062,-361.91520083951764,-105.01966980247147,59.166666666666664,486,74880,False,4146240,21618,62,345395474f844ccb8717f83609c08a5d,2020-02-03_22-20-16,1580786416,31.004466772079468,1924.2877497673035,8908,gammaumd5,10.70.51.83,1924.2877497673035,4146240,62,8,c1743e38,0,-188.43588471924886,10.009351722818487,-35.00655660082383,17.287846796257845,6.44980928322659,1.6068432633524883,0.0,0.4,489,24542208,4146240,0.0,0.0,8635,2306,45.7425,47.3125,0.00025,0.01357116920842411,0.033749999999999995,0.03475814502223432,70775,0.14,0.3469870314579494,"[0.0, 0.0, 0.0, 1.0, 1.0]",23.685,56.805,57.333,3112800,5933568,42143740,25000,-8.834461,1.1272511,-105.44054
0.17459245794451306,-210.5273568555713,-100.58593582136022,48.702127659574465,564,73120,False,4219360,22182,63,345395474f844ccb8717f83609c08a5d,2020-02-03_22-20-46,1580786446,30.855665683746338,1955.1434154510498,8908,gammaumd5,10.70.51.83,1955.1434154510498,4219360,63,8,c1743e38,0,-108.18168296463168,5.55863987181025,-33.52864527378674,17.26121672843487,6.456492132189408,1.6048394011958294,0.0,0.4,499,25043456,4219360,0.0,0.0,8787,2306,45.67999999999999,47.4,0.0,0.013525780682643426,0.0365,0.03475814502223432,71755,0.14,0.3469870314579494,"[0.0, 0.0, 0.0, 1.0, 1.0]",25.078,53.688,51.765,3172320,6056960,42143740,25000,-10.230651,2.3320217,-101.05164
-83.14517242158763,-203.31730639073066,-100.15868453074062,49.00353982300885,565,73440,False,4292800,22747,64,345395474f844ccb8717f83609c08a5d,2020-02-03_22-21-17,1580786477,30.965718030929565,1986.1091334819794,8908,gammaumd5,10.70.51.83,1986.1091334819794,4292800,64,8,c1743e38,0,-106.662241233668,8.822554367283978,-33.38622817691354,17.216815107102587,6.453789175168808,1.6000144320017384,0.0,0.4,508,25539584,4292800,0.0,0.0,8940,2306,45.9175,47.464999999999996,0.0005,0.013525780682643426,0.035750000000000004,0.03475814502223432,72723,0.26,0.482078831727758,"[0.0, 0.0, 0.0, 1.0, 2.0]",24.419,51.712,45.56,3221280,6181376,42143740,25000,-11.059677,2.3198555,-108.878235
9.982928564306349,-336.2526806136593,-100.32331100824125,62.334075723830736,449,74560,False,4367360,23196,65,345395474f844ccb8717f83609c08a5d,2020-02-03_22-21-48,1580786508,30.892372608184814,2017.0015060901642,8908,gammaumd5,10.70.51.83,2017.0015060901642,4367360,65,8,c1743e38,0,-127.01314575450185,7.370709788364664,-33.44110366941375,17.189467824297164,6.449638051091725,1.5970518475283004,0.0,0.4,518,26032128,4367360,0.0,0.0,9096,2306,45.739999999999995,47.54,0.0,0.013525780682643426,0.035250000000000004,0.03475814502223432,73685,0.3,0.5385164807134504,"[0.0, 0.0, 0.0, 1.0, 2.0]",25.066,54.238,63.233,3276000,6303744,42143740,25000,-7.3062577,0.83915687,-106.359825
-94.93578299228105,-208.09683149680498,-105.44734859629594,42.687106918238996,636,72480,False,4439840,23832,66,345395474f844ccb8717f83609c08a5d,2020-02-03_22-22-19,1580786539,30.81004810333252,2047.8115541934967,8908,gammaumd5,10.70.51.83,2047.8115541934967,4439840,66,8,c1743e38,0,-106.42539850925095,2.7027301857403145,-35.14911619876531,17.156204871130527,6.456642662434566,1.5940977641411616,0.0,0.4,528,26527744,4439840,0.0,0.0,9247,2306,45.7975,47.61750000000001,0.0,0.013525780682643426,0.036,0.03475814502223432,74653,0.18,0.4331281565541544,"[0.0, 0.0, 0.0, 1.0, 2.0]",28.481,51.924,48.081,3322560,6425600,42143740,25000,-14.429924,0.66963947,-108.02626
-93.41428734222428,-205.77027779538184,-104.87593930696202,43.40438871473354,638,73280,False,4513120,24470,67,345395474f844ccb8717f83609c08a5d,2020-02-03_22-22-50,1580786570,31.045221090316772,2078.8567752838135,8908,gammaumd5,10.70.51.83,2078.8567752838135,4513120,67,8,c1743e38,0,-107.71396666260748,3.9206878788148316,-34.95864643565401,17.12381135120225,6.461517352355758,1.5906770865672364,0.0,0.4,538,27022336,4513120,0.0,0.0,9397,2306,45.63414634146342,47.7,0.0,0.013525780682643426,0.036341463414634144,0.03475814502223432,75619,0.1,0.3,"[0.0, 0.0, 0.0, 0.10000000000000142, 1.0]",28.074,62.73,54.624,3373440,6548992,42143740,25000,-13.723776,8.858974,-104.956924
-96.91479168366638,-208.96154995053075,-108.44443988136824,38.48241912798875,711,72640,False,4585760,25181,68,345395474f844ccb8717f83609c08a5d,2020-02-03_22-23-22,1580786602,31.121291637420654,2109.978066921234,8908,gammaumd5,10.70.51.83,2109.978066921234,4585760,68,8,c1743e38,0,-105.45344370316404,2.1374813828151673,-36.14814662712275,17.09223665867993,6.469445117558556,1.5873228846699334,0.0,0.4,548,27518976,4585760,0.0,0.0,9549,2306,45.775,47.785000000000004,0.0,0.013525780682643426,0.035750000000000004,0.03475814502223432,76590,0.24,0.47159304490206383,"[0.0, 0.0, 0.0, 1.0, 2.0]",27.913,64.975,47.44,3429120,6669824,42143740,25000,-13.835886,2.7632258,-105.33647
-93.89518383471297,-209.15995427360758,-104.030678132042,40.07555555555555,675,72160,False,4657920,25856,69,345395474f844ccb8717f83609c08a5d,2020-02-03_22-23-53,1580786633,30.9694504737854,2140.9475173950195,8908,gammaumd5,10.70.51.83,2140.9475173950195,4657920,69,8,c1743e38,0,-106.73614828886156,3.091875579984233,-34.67689271068067,17.062303929078148,6.47700800626772,1.5842314152212997,0.0,0.4,558,28020736,4657920,0.0,0.0,9701,2306,45.629999999999995,47.8925,0.0,0.013525780682643426,0.03725,0.03475814502223432,77569,0.2,0.48989794855663565,"[0.0, 0.0, 0.0, 1.0, 2.0]",26.396,52.177,49.198,3487680,6792192,42143740,25000,-13.311797,-0.24566105,-108.047104
-94.37979537947105,-214.51717723906043,-106.74004516426616,47.463247863247865,585,73760,False,4731680,26441,70,345395474f844ccb8717f83609c08a5d,2020-02-03_22-24-24,1580786664,31.04498529434204,2171.9925026893616,8908,gammaumd5,10.70.51.83,2171.9925026893616,4731680,70,8,c1743e38,0,-117.83540704869665,3.53547835660477,-35.58001505475539,17.02920725820664,6.479542194504908,1.582408995868115,0.0,0.4,568,28513280,4731680,0.0,0.0,9856,2306,45.775,47.96,0.0005,0.013525780682643426,0.03575,0.03475814502223432,78531,0.16,0.417612260356422,"[0.0, 0.0, 0.0, 1.0, 2.0]",29.106,58.206,55.382,3543360,6910464,42143740,25000,-13.459909,8.099907,-112.943695
-95.75117284315635,-221.2661192310043,-107.38802134703899,44.81239804241436,613,73440,False,4805120,27054,71,345395474f844ccb8717f83609c08a5d,2020-02-03_22-24-55,1580786695,30.827600955963135,2202.8201036453247,8908,gammaumd5,10.70.51.83,2202.8201036453247,4805120,71,8,c1743e38,0,-114.68478316992211,2.743213622365147,-35.796007115679664,16.99845641132718,6.482377203225733,1.5787158262703636,0.0,0.4,577,29000192,4805120,0.0,0.0,10008,2306,45.67,48.0425,0.0,0.013525780682643426,0.033499999999999995,0.03475814502223432,79483,0.2,0.4,"[0.0, 0.0, 0.0, 1.0, 1.0]",22.141,60.345,61.243,3596640,7031808,42143740,25000,-14.088034,0.18529311,-114.23885
-95.70944802975283,-208.27890322031453,-110.02014835350994,44.96278317152104,618,73600,False,4878720,27672,72,345395474f844ccb8717f83609c08a5d,2020-02-03_22-25-26,1580786726,31.00496482849121,2233.825068473816,8908,gammaumd5,10.70.51.83,2233.825068473816,4878720,72,8,c1743e38,0,-107.37890152516775,2.8785889310141357,-36.67338278450331,16.965592488038016,6.485827240109941,1.5757600034940047,0.0,0.4,587,29489664,4878720,0.0,0.0,10160,2306,45.915,48.15,0.0,0.01360294117647059,0.03475,0.03475814502223432,80438,0.18,0.38418745424597095,"[0.0, 0.0, 0.0, 1.0, 1.0]",26.821,62.488,46.742,3642720,7155200,42143740,25000,-11.807627,7.9937706,-109.319405
-96.27399205835536,-212.4010311814491,-108.46358625452083,44.58386075949367,632,74880,False,4953600,28304,73,345395474f844ccb8717f83609c08a5d,2020-02-03_22-25-56,1580786756,30.79767680168152,2264.6227452754974,8908,gammaumd5,10.70.51.83,2264.6227452754974,4953600,73,8,c1743e38,0,-107.73384321775909,2.6358216374646872,-36.154528751506945,16.92225658598955,6.487489149259773,1.572799120349616,0.0,0.4,597,29983744,4953600,0.0,0.0,10318,2306,45.77499999999999,48.220000000000006,0.0,0.013616557734204792,0.035250000000000004,0.03475814502223432,81403,0.32,0.5075431016179808,"[0.0, 0.0, 0.0, 1.0, 2.0]",25.453,50.765,49.957,3696960,7276544,42143740,25000,-14.698438,2.9016192,-107.63965
-1.1880879967939109,-203.76067410036922,-103.8677948054477,46.785953177257525,598,73920,False,5027520,28902,74,345395474f844ccb8717f83609c08a5d,2020-02-03_22-26-28,1580786788,31.076760053634644,2295.699505329132,8908,gammaumd5,10.70.51.83,2295.699505329132,5027520,74,8,c1743e38,0,-108.03944457299076,8.259244887158275,-34.62259826848257,16.887554952748385,6.492081343870488,1.5711284958830687,0.0,0.4,607,30485504,5027520,0.0,0.0,10472,2306,45.9325,48.3075,0.00025,0.013534858387799564,0.037,0.03475814502223432,82383,0.18,0.38418745424597095,"[0.0, 0.0, 0.0, 1.0, 1.0]",29.779,56.36,50.394,3753120,7401984,42143740,25000,-13.422672,10.836912,-107.123924
-84.92183859553191,-331.40671795350494,-106.5741358164837,47.842372881355935,590,73760,False,5101280,29492,75,345395474f844ccb8717f83609c08a5d,2020-02-03_22-26-59,1580786819,30.865485906600952,2326.564991235733,8908,gammaumd5,10.70.51.83,2326.564991235733,5101280,75,8,c1743e38,0,-112.71483333874494,6.421696613232292,-35.5247119388279,16.859696564790234,6.49209564601564,1.5674010918112522,0.0,0.4,617,30980608,5101280,0.0,0.0,10624,2306,45.6175,48.4,0.0,0.013525780682643426,0.03475,0.03475814502223432,83351,0.12,0.3249615361854384,"[0.0, 0.0, 0.0, 1.0, 1.0]",25.082,56.034,47.026,3807840,7524352,42143740,25000,-12.434669,0.3313375,-113.37769
2.2097401432692934,-283.95183975063264,-108.40706304956639,61.48894348894349,407,75360,False,5176640,29899,76,345395474f844ccb8717f83609c08a5d,2020-02-03_22-27-29,1580786849,30.908159732818604,2357.4731509685516,8908,gammaumd5,10.70.51.83,2357.4731509685516,5176640,76,8,c1743e38,0,-113.60016063468841,17.90110163010346,-36.135687683188806,16.823891755869063,6.485476562654838,1.5662635623839347,0.0,0.4,627,31483904,5176640,0.0,87745.511,10782,2306,45.935,48.470000000000006,0.0,0.013525780682643426,0.037,0.03475814502223432,84333,0.2,0.4472135954999579,"[0.0, 0.0, 0.0, 1.0, 2.0]",21.946,54.84,51.503,3864480,7646720,42143740,25000,-5.2543106,2.6755807,-90.33057
13.639368984149762,-224.0210045413114,-108.28305753091159,64.83116883116882,462,74880,False,5251520,30361,77,345395474f844ccb8717f83609c08a5d,2020-02-03_22-28-00,1580786880,30.905369997024536,2388.378520965576,8908,gammaumd5,10.70.51.83,2388.378520965576,5251520,77,8,c1743e38,0,-114.47720927419141,15.827833938101925,-36.09435251030387,16.8009791645209,6.479939030275768,1.5633187711755765,0.0,0.4,637,31979008,5251520,0.0,0.0,10938,2306,45.822500000000005,48.515,0.0,0.013525780682643426,0.03625,0.03475814502223432,85300,0.24,0.4715930449020639,"[0.0, 0.0, 0.0, 1.0, 2.0]",26.194,53.741,51.677,3922080,7767552,42143740,25000,-10.072676,2.7891142,-126.768776
56.89811082626692,-243.05026886961426,-100.13143253675862,106.113074204947,283,76800,False,5328320,30644,78,345395474f844ccb8717f83609c08a5d,2020-02-03_22-28-31,1580786911,30.950647354125977,2419.329168319702,8908,gammaumd5,10.70.51.83,2419.329168319702,5328320,78,8,c1743e38,0,-115.1639915748965,24.49341191902446,-33.37714417891954,16.78436543454984,6.457755394032609,1.5554109009228025,0.0,0.4,647,32479744,5328320,0.0,0.0,11099,2306,45.8575,48.6,0.0,0.013525780682643426,0.03675,0.03475814502223432,86279,0.28,0.567097875150313,"[0.0, 0.0, 0.0, 1.0, 2.0]",26.562,51.284,47.464,3985440,7889408,42143740,25000,-7.1349754,1.7307034,-102.56371
12.761104598641381,-410.2603531703353,-108.30507988826591,81.63939393939394,330,76640,False,5404960,30974,79,345395474f844ccb8717f83609c08a5d,2020-02-03_22-29-02,1580786942,30.969752073287964,2450.29892039299,8908,gammaumd5,10.70.51.83,2450.29892039299,5404960,79,8,c1743e38,0,-204.027097556352,14.518991765876606,-36.101693296088634,16.746292093809817,6.456284851843378,1.5580346446922448,0.0,0.4,657,32980992,5404960,0.0,0.0,11259,2306,45.7875,48.635000000000005,0.0,0.013525780682643426,0.03725,0.03475814502223432,87257,0.18,0.38418745424597095,"[0.0, 0.0, 0.0, 1.0, 1.0]",28.658,51.476,49.516,4040640,8011776,42143740,25000,-9.735954,2.99493,-101.27623
28.748910902533666,-238.10050050425346,-106.42128398633788,85.16975308641975,324,76000,False,5480960,31298,80,345395474f844ccb8717f83609c08a5d,2020-02-03_22-29-33,1580786973,30.898744344711304,2481.1976647377014,8908,gammaumd5,10.70.51.83,2481.1976647377014,5480960,80,8,c1743e38,0,-116.26927791551377,10.358357919535287,-35.47376132877929,16.727904601960997,6.4484517278746845,1.557331856162631,0.0,0.4,667,33483264,5480960,0.0,0.0,11415,2306,45.7975,48.7,0.0,0.013525780682643426,0.03725,0.03475814502223432,88239,0.18,0.4331281565541544,"[0.0, 0.0, 0.0, 1.0, 2.0]",30.859,55.39,59.451,4092960,8133632,42143740,25000,-5.6824245,0.4247312,-115.85519
45.5346205283422,-242.69851717352864,-111.85108036572379,77.53217821782178,404,75040,False,5556000,31702,81,345395474f844ccb8717f83609c08a5d,2020-02-03_22-30-04,1580787004,30.89103603363037,2512.088700771332,8908,gammaumd5,10.70.51.83,2512.088700771332,5556000,81,8,c1743e38,0,-123.70952361038265,15.859443893656135,-37.28369345524127,16.706309766181178,6.437454732385627,1.5525528983748582,0.0,0.4,677,33982976,5556000,30805.079,0.0,11572,2306,45.675,48.78000000000001,0.0,0.013525780682643426,0.03675,0.03475814502223432,89215,0.2,0.4472135954999579,"[0.0, 0.0, 0.0, 1.0, 2.0]",31.043,61.107,62.536,4149600,8256512,42143740,25000,-11.154376,20.154114,-100.94291
-93.69176579383205,-309.50580646749586,-114.67363789067485,48.96875,576,75360,False,5631360,32278,82,345395474f844ccb8717f83609c08a5d,2020-02-03_22-30-35,1580787035,30.89769172668457,2542.9863924980164,8908,gammaumd5,10.70.51.83,2542.9863924980164,5631360,82,8,c1743e38,0,-113.09850257852426,3.8968194863603713,-38.224545963558285,16.673472032736704,6.4381767742327725,1.5506644801171852,0.0,0.4,687,34481152,5631360,0.0,0.0,11729,2306,45.8875,48.825,0.0,0.013525780682643426,0.037,0.03475814502223432,90187,0.18,0.38418745424597095,"[0.0, 0.0, 0.0, 1.0, 1.0]",22.512,48.98,53.732,4203840,8379904,42143740,25000,-13.510283,12.823289,-107.31342
6.002015588339418,-319.69238235102966,-112.72522421368659,51.168190127970746,547,74240,False,5705600,32825,83,345395474f844ccb8717f83609c08a5d,2020-02-03_22-31-06,1580787066,30.830822944641113,2573.8172154426575,8908,gammaumd5,10.70.51.83,2573.8172154426575,5705600,83,8,c1743e38,0,-123.59954834504364,4.109240614188209,-37.57507473789553,16.653042181370168,6.441366316102574,1.5501348436362858,0.0,0.4,697,34981376,5705600,0.0,0.0,11884,2306,45.8475,48.9,0.00025,0.013546205519244733,0.03675,0.03475814502223432,91165,0.16,0.36660605559646714,"[0.0, 0.0, 0.0, 1.0, 1.0]",30.62,53.009,47.67,4266240,8501760,42143740,25000,-9.830694,5.6551437,-99.14682
-0.26208912511356885,-217.82084502838552,-110.40417476559811,67.55288461538461,416,76000,False,5781600,33241,84,345395474f844ccb8717f83609c08a5d,2020-02-03_22-31-37,1580787097,31.020614624023438,2604.837830066681,8908,gammaumd5,10.70.51.83,2604.837830066681,5781600,84,8,c1743e38,0,-123.38824686043276,4.0787568017840385,-36.8013915885327,16.632057266713666,6.43586611096524,1.5484355093502913,0.0,0.4,706,35478016,5781600,0.0,0.0,12042,2306,45.86,48.989999999999995,0.0,0.013616557734204792,0.0355,0.03475814502223432,92135,0.1,0.3,"[0.0, 0.0, 0.0, 0.10000000000000142, 1.0]",24.224,50.211,49.645,4328640,8622080,42143740,25000,-9.542001,2.362687,-97.21511
16.062531818170086,-302.4632777334191,-108.48721713411827,46.9179229480737,597,74080,False,5855680,33838,85,345395474f844ccb8717f83609c08a5d,2020-02-03_22-32-08,1580787128,30.85921835899353,2635.6970484256744,8908,gammaumd5,10.70.51.83,2635.6970484256744,5855680,85,8,c1743e38,0,-119.16640768153593,6.225068273100376,-36.162405711372756,16.603769524903974,6.436519937255997,1.5451986211311997,0.0,0.4,716,35979776,5855680,0.0,83433.065,12198,2306,45.682500000000005,49.052499999999995,0.0,0.013591594045025418,0.03625,0.03475814502223432,93114,0.38,0.6896375859826668,"[0.0, 0.0, 0.0, 1.0, 3.0]",30.16,59.813,50.616,4384800,8744960,42143740,25000,-14.792396,30.279846,-110.55066
-86.80202723853292,-297.2058038308751,-108.55487496575945,48.34440559440559,572,74080,False,5929760,34410,86,345395474f844ccb8717f83609c08a5d,2020-02-03_22-32-39,1580787159,30.839925527572632,2666.536973953247,8908,gammaumd5,10.70.51.83,2666.536973953247,5929760,86,8,c1743e38,0,-113.43500903675643,8.45332829894808,-36.18495832191982,16.580614718336943,6.435585375562012,1.5424532289652841,0.0,0.4,726,36484096,5929760,0.0,0.0,12352,2306,45.935,49.1475,0.0,0.013525780682643426,0.036250000000000004,0.03475814502223432,94099,0.1,0.3605551275463989,"[0.0, 0.0, 0.0, 0.0, 2.0]",28.346,59.858,55.901,4433280,8869376,42143740,25000,-12.455822,4.6102934,-116.11999
-89.62964238435961,-298.8684178197291,-106.0393787239614,50.77355072463768,552,74400,False,6004160,34962,87,345395474f844ccb8717f83609c08a5d,2020-02-03_22-33-10,1580787190,30.85733413696289,2697.39430809021,8908,gammaumd5,10.70.51.83,2697.39430809021,6004160,87,8,c1743e38,0,-108.3940424810474,5.016871210032448,-35.3464595746538,16.560345379650407,6.437806861919144,1.5415653676310532,0.0,0.4,736,36980224,6004160,0.0,0.0,12505,2306,45.897499999999994,49.2,0.00025,0.013525780682643426,0.034999999999999996,0.03475814502223432,95068,0.24,0.5122499389946279,"[0.0, 0.0, 0.0, 1.0, 2.0]",25.97,55.756,57.978,4495200,8991744,42143740,25000,-14.557111,2.1493738,-109.29748
-84.39308522577633,-213.47394198505208,-107.3595835439785,50.63186813186813,546,74080,False,6078240,35508,88,345395474f844ccb8717f83609c08a5d,2020-02-03_22-33-41,1580787221,30.659346103668213,2728.053654193878,8908,gammaumd5,10.70.51.83,2728.053654193878,6078240,88,8,c1743e38,0,-116.53287340553167,9.458158527597938,-35.78652784799283,16.539935737047042,6.439014478295706,1.5396561426801858,0.0,0.4,746,37483520,6078240,0.0,97866.456,12661,2306,46.04615384615384,49.276923076923076,0.0,0.013525780682643426,0.03794871794871796,0.034758145022234316,96053,0.24,0.5122499389946279,"[0.0, 0.0, 0.0, 1.0, 2.0]",24.713,54.222,50.343,4548960,9117184,42143740,25000,-13.08363,15.963783,-102.64828
-80.24760425742716,-223.53776775649752,-107.68693460413398,53.66153846153846,520,74240,False,6152480,36028,89,345395474f844ccb8717f83609c08a5d,2020-02-03_22-34-11,1580787251,30.850539445877075,2758.9041936397552,8908,gammaumd5,10.70.51.83,2758.9041936397552,6152480,89,8,c1743e38,0,-116.97869852053313,11.67000392855455,-35.89564486804466,16.521957673994613,6.440126849313919,1.5385831970812416,0.0,0.4,756,37986816,6152480,0.0,0.0,12815,2306,46.1125,49.322500000000005,0.00025,0.013525780682643426,0.0365,0.03475814502223432,97034,0.1,0.3,"[0.0, 0.0, 0.0, 0.10000000000000142, 1.0]",27.876,49.227,49.706,4607040,9240064,42143740,25000,-10.919935,9.48991,-100.78594
-53.49531486164779,-210.2169971736148,-109.05625200958512,53.3648393194707,529,74560,False,6227040,36557,90,345395474f844ccb8717f83609c08a5d,2020-02-03_22-34-42,1580787282,30.847660541534424,2789.7518541812897,8908,gammaumd5,10.70.51.83,2789.7518541812897,6227040,90,8,c1743e38,0,-129.06756951442608,18.517894419298194,-36.352084003195046,16.501454219677893,6.437370306358274,1.5361234190286677,0.0,0.4,766,38488064,6227040,0.0,0.0,12971,2306,45.9125,49.4,0.0,0.013525780682643426,0.03625,0.03475814502223432,98013,0.12,0.38157568056677826,"[0.0, 0.0, 0.0, 0.10000000000000142, 2.0]",27.092,57.76,49.556,4660320,9365504,42143740,25000,-11.72226,2.6842477,-107.23564
-96.35459220386112,-211.8947694613598,-107.25485143336654,47.633390705679865,581,74400,False,6301440,37138,91,345395474f844ccb8717f83609c08a5d,2020-02-03_22-35-13,1580787313,30.753875970840454,2820.50573015213,8908,gammaumd5,10.70.51.83,2820.50573015213,6301440,91,8,c1743e38,0,-116.79772627485606,2.58605656796135,-35.751617144455516,16.479118149772603,6.439131287516535,1.534411234701728,0.0,0.4,777,38995456,6301440,13048.456,20877.53,13126,2306,45.942499999999995,49.495,0.0,0.013525780682643426,0.0375,0.03475814502223432,99004,0.28,0.567097875150313,"[0.0, 0.0, 0.0, 1.0, 2.0]",24.794,55.475,55.796,4718400,9489408,42143740,25000,-12.455475,21.322477,-100.2795
-91.32104097655977,-217.44240208459087,-109.00509113364151,52.156826568265686,542,74880,False,6376320,37680,92,345395474f844ccb8717f83609c08a5d,2020-02-03_22-35-44,1580787344,30.83470892906189,2851.340439081192,8908,gammaumd5,10.70.51.83,2851.340439081192,6376320,92,8,c1743e38,0,-110.8628679739777,6.2717655131127685,-36.33503037788051,16.45683626542422,6.439928644388298,1.5330452112674737,0.0,0.4,786,39493632,6376320,0.0,0.0,13282,2306,46.029999999999994,49.58,0.0,0.013525780682643426,0.036,0.03475814502223432,99977,0.28,0.6013318551349163,"[0.0, 0.0, 0.0, 1.0, 3.0]",26.002,51.349,45.387,4770720,9612288,42143740,25000,-13.416036,2.2132368,-106.555504
-93.29796579037796,-195.02820116491057,-107.0580667229183,51.67843866171004,538,74560,False,6450880,38218,93,345395474f844ccb8717f83609c08a5d,2020-02-03_22-36-15,1580787375,30.75689148902893,2882.097330570221,8908,gammaumd5,10.70.51.83,2882.097330570221,6450880,93,8,c1743e38,0,-109.5587697555311,4.225810911118359,-35.68602224097277,16.43533859661237,6.439973174429707,1.5310334170903734,0.0,0.4,796,39986176,6450880,0.0,0.0,13436,2306,45.8275,49.667500000000004,0.00025,0.013525780682643426,0.0365,0.03475814502223432,100941,0.32,0.5075431016179808,"[0.0, 0.0, 0.0, 1.0, 2.0]",24.097,55.716,56.212,4841280,9726976,42143740,25000,-12.457039,0.9132805,-101.66417
-91.27260722499344,-210.17200665781274,-107.55092808580314,46.56307129798903,547,68000,False,6518880,38765,94,345395474f844ccb8717f83609c08a5d,2020-02-03_22-36-46,1580787406,31.10658359527588,2913.203914165497,8908,gammaumd5,10.70.51.83,2913.203914165497,6518880,94,8,c1743e38,0,-110.63632208978137,4.293232998500265,-35.85030936193438,16.4316689740424,6.4469992053644605,1.531600033088606,0.0,0.4,805,40429056,6518880,0.0,144855.558,13580,2306,57.9175,58.27750000000001,0.0,0.013525780682643426,0.033999999999999996,0.04595471458390053,101804,0.16,0.36660605559646714,"[0.0, 0.0, 0.0, 1.0, 1.0]",33.297,67.361,60.299,4900320,9833984,42143740,25000,-13.668133,17.988228,-108.74672
-7.914439978543669,-307.56321496656165,-111.36716205739889,64.47286821705427,387,68640,False,6587520,39152,95,345395474f844ccb8717f83609c08a5d,2020-02-03_22-37-17,1580787437,30.989704132080078,2944.193618297577,8908,gammaumd5,10.70.51.83,2944.193618297577,6587520,95,8,c1743e38,0,-117.59714053322872,8.287717982583366,-37.1223873524663,16.42058424194755,6.444231451585273,1.5299091578040624,0.0,0.4,814,40859648,6587520,0.0,0.0,13722,2306,60.807500000000005,71.36749999999999,0.0005,0.013525780682643426,0.11400000000000002,0.06842726200199656,102645,0.14,0.3469870314579494,"[0.0, 0.0, 0.0, 1.0, 1.0]",23.726,60.901,63.42,4951680,9938432,42143740,25000,-10.3315,5.154311,-111.78715
0.8793052628170699,-209.12243064609356,-105.88222224182593,59.182417582417585,455,67840,False,6655360,39607,96,345395474f844ccb8717f83609c08a5d,2020-02-03_22-37-48,1580787468,31.029147624969482,2975.2227659225464,8908,gammaumd5,10.70.51.83,2975.2227659225464,6655360,96,8,c1743e38,0,-113.78898821615925,6.639821484684944,-35.294074080608645,16.432111825133997,6.450246929327847,1.5298814449263127,0.0,0.4,822,41288704,6655360,0.0,0.0,13862,2306,61.004999999999995,71.44250000000001,0.0,0.013525780682643426,0.1145,0.06842726200199656,103483,0.16,0.36660605559646714,"[0.0, 0.0, 0.0, 1.0, 1.0]",27.769,57.508,55.288,4995840,10046976,42143740,25000,-14.314875,1.1278186,-110.444725
-95.5859350298997,-220.83605389436704,-107.04805394007643,49.69155206286837,509,67200,False,6722560,40116,97,345395474f844ccb8717f83609c08a5d,2020-02-03_22-38-19,1580787499,30.919790983200073,3006.1425569057465,8908,gammaumd5,10.70.51.83,3006.1425569057465,6722560,97,8,c1743e38,0,-110.77562974067405,3.0989172588257716,-35.682684646692145,16.429355587033985,6.455264941357643,1.5296424024318762,0.0,0.4,831,41716224,6722560,0.0,0.0,14003,2306,61.65,71.54,0.0005,0.013525780682643426,0.11524999999999999,0.06842726200199656,104318,0.16,0.36660605559646714,"[0.0, 0.0, 0.0, 1.0, 1.0]",37.195,77.791,75.446,5047200,10152448,42143740,25000,-12.287048,1.1127846,-101.90632
-92.36575930262917,-203.81390935648233,-103.97763783443244,50.29175050301811,497,66720,False,6789280,40613,98,345395474f844ccb8717f83609c08a5d,2020-02-03_22-38-50,1580787530,30.99695611000061,3037.139513015747,8908,gammaumd5,10.70.51.83,3037.139513015747,6789280,98,8,c1743e38,0,-108.03744322185716,3.9531095216516405,-34.659212611477486,16.431223647389725,6.462249054804278,1.5298755608529104,0.0,0.4,839,42145280,6789280,0.0,0.0,14142,2306,61.720000000000006,71.64500000000001,0.0,0.013525780682643426,0.1085,0.06842726200199656,105156,0.16,0.36660605559646714,"[0.0, 0.0, 0.0, 1.0, 1.0]",31.453,64.292,58.23,5096160,10256384,42143740,25000,-11.500951,0.7201564,-107.00686
-91.78276804601771,-213.42409361572936,-104.21596898552961,54.03617021276596,470,67680,False,6856960,41083,99,345395474f844ccb8717f83609c08a5d,2020-02-03_22-39-21,1580787561,31.18532109260559,3068.3248341083527,8908,gammaumd5,10.70.51.83,3068.3248341083527,6856960,99,8,c1743e38,0,-108.9512191505637,4.923654298298061,-34.738656328509876,16.433851137336333,6.466534090041081,1.529718919512098,0.0,0.4,848,42577920,6856960,0.0,0.0,14283,2306,60.23170731707317,71.73658536585367,0.0,0.013525780682643426,0.12170731707317074,0.06842726200199656,106001,0.16,0.36660605559646714,"[0.0, 0.0, 0.0, 1.0, 1.0]",31.312,56.745,52.897,5142720,10363392,42143740,25000,-11.508423,-0.07343972,-100.067505
-91.25965216360056,-208.54430674901235,-107.2241324577732,51.3125,496,67520,False,6924480,41579,100,345395474f844ccb8717f83609c08a5d,2020-02-03_22-39-52,1580787592,31.095090627670288,3099.419924736023,8908,gammaumd5,10.70.51.83,3099.419924736023,6924480,100,8,c1743e38,0,-111.56064046702038,4.090808521257713,-35.7413774859244,16.431401453772548,6.47145298449856,1.5296834970060207,0.0,0.4,856,43000832,6924480,0.0,141012.781,14425,2306,61.9875,71.83749999999999,0.0,0.013525780682643426,0.11274999999999999,0.06842726200199656,106827,0.1,0.3,"[0.0, 0.0, 0.0, 0.10000000000000142, 1.0]",30.119,69.68,67.126,5195520,10467840,42143740,25000,-14.6404915,0.08347404,-110.28369
-91.48066546721384,-214.82111563649957,-108.0111836774419,44.001742160278745,574,66880,False,6991360,42153,101,345395474f844ccb8717f83609c08a5d,2020-02-03_22-40-24,1580787624,30.998663902282715,3130.4185886383057,8908,gammaumd5,10.70.51.83,3130.4185886383057,6991360,101,8,c1743e38,0,-114.28715227303718,4.00444800266996,-36.00372789248064,16.431326957264243,6.478768401112747,1.5293697220461038,0.0,0.4,865,43422720,6991360,0.0,0.0,14562,2306,61.3,71.94750000000002,0.00025,0.013525780682643426,0.11125,0.06842726200199656,107653,0.18,0.38418745424597095,"[0.0, 0.0, 0.0, 1.0, 1.0]",33.228,66.255,61.631,5250720,10570240,42143740,25000,-14.046625,-0.6312138,-107.113304
-91.12230933876711,-221.05098168575205,-104.00775271816377,45.2057761732852,554,66240,False,7057600,42707,102,345395474f844ccb8717f83609c08a5d,2020-02-03_22-40-55,1580787655,31.01994800567627,3161.438536643982,8908,gammaumd5,10.70.51.83,3161.438536643982,7057600,102,8,c1743e38,0,-113.71294252372658,4.786768159130588,-34.66925090605459,16.433005603465688,6.485190983436553,1.5284818684225412,0.0,0.4,873,43852288,7057600,0.0,89415.15,14700,2306,60.7375,72.045,0.0,0.013525780682643426,0.11775,0.06842726200199656,108491,0.2,0.4,"[0.0, 0.0, 0.0, 1.0, 1.0]",30.137,60.352,59.253,5303040,10675200,42143740,25000,-13.54516,2.3496962,-121.49534
-94.00538610620426,-206.26751613407396,-105.65886653803224,44.20892857142857,560,65920,False,7123520,43267,103,345395474f844ccb8717f83609c08a5d,2020-02-03_22-41-26,1580787686,31.092523336410522,3192.5310599803925,8908,gammaumd5,10.70.51.83,3192.5310599803925,7123520,103,8,c1743e38,0,-109.4460040347185,3.8172671577582733,-35.21962217934408,16.43559976209204,6.493552181024019,1.5286354392628914,0.0,0.4,882,44281344,7123520,7724.228,0.0,14838,2306,61.425,72.14,0.0,0.013525780682643426,0.1125,0.06842726200199656,109329,0.2,0.48989794855663565,"[0.0, 0.0, 0.0, 1.0, 2.0]",31.074,74.578,65.334,5357760,10779136,42143740,25000,-11.116152,2.244313,-103.1884
-96.84401993593204,-305.7071072021499,-108.83732084143301,43.546551724137935,580,66400,False,7189920,43847,104,345395474f844ccb8717f83609c08a5d,2020-02-03_22-41-57,1580787717,31.01934790611267,3223.550407886505,8908,gammaumd5,10.70.51.83,3223.550407886505,7189920,104,8,c1743e38,0,-107.27356120594777,2.815504910734788,-36.27910694714434,16.43569594827426,6.503567688860869,1.5289951858665023,0.0,0.4,890,44710400,7189920,0.0,0.0,14976,2306,61.4125,72.245,0.0,0.013525780682643426,0.1155,0.06842726200199656,110166,0.2,0.4472135954999579,"[0.0, 0.0, 0.0, 1.0, 2.0]",27.291,68.043,64.98,5408160,10883584,42143740,25000,-14.397878,5.262639,-97.42054
-93.01676109177062,-213.799089130247,-105.38246987887507,45.6514598540146,548,66400,False,7256320,44395,105,345395474f844ccb8717f83609c08a5d,2020-02-03_22-42-28,1580787748,30.986125946044922,3254.53653383255,8908,gammaumd5,10.70.51.83,3254.53653383255,7256320,105,8,c1743e38,0,-109.94927146627259,3.393745020031929,-35.127489959625024,16.43649102741426,6.508579505376089,1.5278805049215354,0.0,0.4,899,45140480,7256320,0.0,59414.665,15115,2306,60.13414634146341,72.34146341463413,0.0,0.01360770143649149,0.1175609756097561,0.06842726200199656,111006,0.08,0.2712931993250107,"[0.0, 0.0, 0.0, 0.0, 1.0]",28.165,59.961,57.801,5456640,10990080,42143740,25000,-14.793114,-0.052217007,-102.37229
-95.44893223256807,-215.27735471120104,-106.62647894850721,48.815891472868216,516,66880,False,7323200,44911,106,345395474f844ccb8717f83609c08a5d,2020-02-03_22-42-59,1580787779,31.00720477104187,3285.543738603592,8908,gammaumd5,10.70.51.83,3285.543738603592,7323200,106,8,c1743e38,0,-109.4235142756564,3.1081283544966283,-35.5421596495024,16.436959577958373,6.512984126766803,1.5271822674825448,0.0,0.4,907,45564416,7323200,0.0,0.0,15253,2306,61.84250000000001,72.455,0.0,0.013616557734204792,0.11499999999999999,0.06842726200199656,111834,0.16,0.36660605559646714,"[0.0, 0.0, 0.0, 1.0, 1.0]",31.645,71.668,65.552,5502240,11094016,42143740,25000,-11.697357,4.2724066,-107.36117
-90.36172329285182,-215.34610410779715,-108.71233809571089,49.984189723320156,506,66880,False,7390080,45417,107,345395474f844ccb8717f83609c08a5d,2020-02-03_22-43-30,1580787810,31.0238254070282,3316.56756401062,8908,gammaumd5,10.70.51.83,3316.56756401062,7390080,107,8,c1743e38,0,-111.23546146523829,5.316383313387632,-36.23744603190364,16.437855722731516,6.5190019299888755,1.5270732899111306,0.0,0.4,916,45996032,7390080,0.0,0.0,15393,2306,61.33,72.54,0.0,0.013525780682643426,0.11674999999999999,0.06842726200199656,112677,0.16,0.41761226035642196,"[0.0, 0.0, 0.0, 1.0, 2.0]",30.065,61.597,63.862,5558400,11199488,42143740,25000,-15.848569,1.2183832,-103.51188
-92.21539897168984,-302.9663472676184,-112.37785607100413,47.1310861423221,534,66880,False,7456960,45951,108,345395474f844ccb8717f83609c08a5d,2020-02-03_22-44-01,1580787841,31.080201625823975,3347.647765636444,8908,gammaumd5,10.70.51.83,3347.647765636444,7456960,108,8,c1743e38,0,-113.22651711967774,3.3814174130093306,-37.45928535700138,16.43904548750196,6.5259014644266555,1.5274026314777176,0.0,0.4,925,46425088,7456960,0.0,0.0,15532,2306,60.7025,72.61749999999999,0.0,0.013525780682643426,0.12250000000000001,0.06842726200199656,113516,0.12,0.32496153618543844,"[0.0, 0.0, 0.0, 1.0, 1.0]",33.251,67.947,60.459,5611200,11304448,42143740,25000,-13.891731,18.66138,-118.3653
-93.16860553575681,-301.67136415163986,-107.42027007583938,47.20676691729323,532,66880,False,7523840,46483,109,345395474f844ccb8717f83609c08a5d,2020-02-03_22-44-32,1580787872,31.2287118434906,3378.8764774799347,8908,gammaumd5,10.70.51.83,3378.8764774799347,7523840,109,8,c1743e38,0,-104.7875271094963,3.1724903752716855,-35.80675669194646,16.440221219282794,6.5303707834282845,1.5265956063624921,0.0,0.4,933,46847488,7523840,0.0,0.0,15672,2306,61.9875,72.73500000000001,0.0,0.013525780682643426,0.11274999999999999,0.06842726200199656,114341,0.28,0.44899888641287294,"[0.0, 0.0, 0.0, 1.0, 1.0]",30.647,67.377,70.232,5660640,11408896,42143740,25000,-15.175555,7.0913715,-106.74169
-90.17014220613055,-206.84174030530266,-103.72713620246502,49.099221789883266,514,66720,False,7590560,46997,110,345395474f844ccb8717f83609c08a5d,2020-02-03_22-45-03,1580787903,31.011167764663696,3409.8876452445984,8908,gammaumd5,10.70.51.83,3409.8876452445984,7590560,110,8,c1743e38,0,-106.12358774337918,3.978901779744774,-34.57571206748834,16.43941272775442,6.5340785313994525,1.5262109609089696,0.0,0.4,941,47267840,7590560,0.0,0.0,15810,2306,60.73499999999999,72.8225,0.00025,0.013525780682643426,0.11775,0.06842726200199656,115161,0.16,0.417612260356422,"[0.0, 0.0, 0.0, 1.0, 2.0]",32.162,66.491,57.627,5705760,11514880,42143740,25000,-12.469055,14.048557,-103.34517
-95.52069683861922,-120.73872774117629,-106.8812603956395,54.33476394849785,466,67360,False,7657920,47463,111,345395474f844ccb8717f83609c08a5d,2020-02-03_22-45-35,1580787935,31.041643142700195,3440.9292883872986,8908,gammaumd5,10.70.51.83,3440.9292883872986,7657920,111,8,c1743e38,0,-107.45304717084703,2.4176596611117276,-35.6270867985465,16.4397352324034,6.538101533695169,1.5262033577198548,0.0,0.4,950,47698944,7657920,0.0,0.0,15950,2306,60.74249999999999,72.9,0.0,0.013525780682643426,0.11825000000000001,0.06842726200199656,116003,0.22,0.46,"[0.0, 0.0, 0.0, 1.0, 2.0]",29.571,62.065,58.772,5752800,11619840,42143740,25000,-15.203436,0.8938388,-104.823906
-93.16121976892467,-217.1712626626249,-109.96074435596289,49.82874015748032,508,67200,False,7725120,47971,112,345395474f844ccb8717f83609c08a5d,2020-02-03_22-46-06,1580787966,31.060548305511475,3471.98983669281,8908,gammaumd5,10.70.51.83,3471.98983669281,7725120,112,8,c1743e38,0,-110.01784745922002,2.9204554355237633,-36.653581451987634,16.439461201614407,6.544467825210078,1.526675780802071,0.0,0.4,959,48131072,7725120,0.0,0.0,16092,2306,61.57073170731707,73.0,0.0,0.013525780682643426,0.11170731707317076,0.06842726200199656,116847,0.02,0.13999999999999999,"[0.0, 0.0, 0.0, 0.0, 1.0]",28.986,59.348,59.797,5804640,11726848,42143740,25000,-16.298937,3.2017617,-105.10504
-87.47616287833081,-303.1096295507159,-109.72095484143456,50.163306451612904,496,66400,False,7791520,48467,113,345395474f844ccb8717f83609c08a5d,2020-02-03_22-46-37,1580787997,31.074580192565918,3503.064416885376,8908,gammaumd5,10.70.51.83,3503.064416885376,7791520,113,8,c1743e38,0,-107.75309827543487,5.042861196988568,-36.57365161381152,16.44194971633112,6.549105819209557,1.526595326241626,0.0,0.4,967,48559104,7791520,0.0,0.0,16231,2306,60.779999999999994,73.09,0.0,0.013525780682643426,0.11875,0.06842726200199656,117683,0.16,0.417612260356422,"[0.0, 0.0, 0.0, 1.0, 2.0]",28.26,64.908,62.22,5852640,11831296,42143740,25000,-11.663876,0.69357246,-118.17637
-88.38509271154183,-218.54924867814407,-107.82990273606708,51.95463917525773,485,66720,False,7858240,48952,114,345395474f844ccb8717f83609c08a5d,2020-02-03_22-47-08,1580788028,31.091202974319458,3534.1556198596954,8908,gammaumd5,10.70.51.83,3534.1556198596954,7858240,114,8,c1743e38,0,-113.51234784031598,5.205751896059759,-35.943300912022366,16.44394966600538,6.552875523262097,1.5264642038282006,0.0,0.4,976,48990720,7858240,0.0,0.0,16369,2306,61.375,73.175,0.0,0.013525780682643426,0.11374999999999999,0.06842726200199656,118526,0.22,0.46,"[0.0, 0.0, 0.0, 1.0, 2.0]",25.032,67.331,66.606,5904480,11935744,42143740,25000,-14.537264,3.179579,-106.60463
-91.73971457104199,-220.80185218947008,-108.68373843439224,51.900621118012424,483,66720,False,7924960,49435,115,345395474f844ccb8717f83609c08a5d,2020-02-03_22-47-39,1580788059,31.13088893890381,3565.2865087985992,8908,gammaumd5,10.70.51.83,3565.2865087985992,7924960,115,8,c1743e38,0,-114.42574559361674,3.332370321654402,-36.22791281146409,16.44589026357169,6.555785286482812,1.5259120460867472,0.0,0.4,984,49416192,7924960,0.0,0.0,16507,2306,61.527499999999996,73.2625,0.0,0.013525780682643426,0.11225,0.06842726200199656,119357,0.28,0.6337191807101943,"[0.0, 0.0, 0.0, 1.0, 3.0]",31.91,66.242,67.742,5944320,12042240,42143740,25000,-16.4078,11.7829275,-102.669685
-91.79871028987691,-214.46111748181283,-106.36828267770439,46.10054844606947,547,67040,False,7992000,49982,116,345395474f844ccb8717f83609c08a5d,2020-02-03_22-48-10,1580788090,31.087702751159668,3596.374211549759,8908,gammaumd5,10.70.51.83,3596.374211549759,7992000,116,8,c1743e38,0,-106.21628399053589,3.4046870947349817,-35.45609422590147,16.44707043319777,6.561753593630205,1.525731193980871,0.0,0.4,993,49847296,7992000,0.0,124354.835,16648,2306,60.67,73.35,0.0,0.013557552650689902,0.12475,0.06842726200199656,120199,0.2,0.4,"[0.0, 0.0, 0.0, 1.0, 1.0]",27.852,61.28,56.465,5998080,12148224,42143740,25000,-14.724322,15.162265,-103.24697
-94.62881379737522,-225.8830644779373,-110.04439543705735,49.44158415841584,505,66400,False,8058400,50487,117,345395474f844ccb8717f83609c08a5d,2020-02-03_22-48-41,1580788121,31.149826288223267,3627.524037837982,8908,gammaumd5,10.70.51.83,3627.524037837982,8058400,117,8,c1743e38,0,-114.51026451773942,4.533999241034806,-36.681465145685785,16.45094141536911,6.566066656963764,1.5257588544505667,0.0,0.4,1001,50278400,8058400,0.0,0.0,16786,2306,61.3875,73.4325,0.0,0.013616557734204792,0.11975,0.06842726200199656,121041,0.12,0.32496153618543844,"[0.0, 0.0, 0.0, 1.0, 1.0]",27.098,69.726,68.511,6046080,12253696,42143740,25000,-15.790863,16.839815,-102.64925
-89.40235998341814,-302.9403001910541,-106.1578317743415,45.23877917414722,557,66720,False,8125120,51044,118,345395474f844ccb8717f83609c08a5d,2020-02-03_22-49-12,1580788152,31.0876305103302,3658.6116683483124,8908,gammaumd5,10.70.51.83,3658.6116683483124,8125120,118,8,c1743e38,0,-104.09349304437637,3.8965444271452725,-35.385943924780506,16.447979858118845,6.571745588140145,1.525233754528531,0.0,0.4,1010,50707456,8125120,0.0,169895.858,16925,2306,60.77560975609755,73.51707317073172,0.0,0.01357891846892325,0.11682926829268293,0.06842726200199656,121879,0.2,0.4472135954999579,"[0.0, 0.0, 0.0, 1.0, 2.0]",33.782,69.31,62.191,6093600,12360704,42143740,25000,-16.065498,2.1528816,-113.55916
-90.73590145399797,-207.67065888945942,-104.43424539267119,46.06985294117647,544,66400,False,8191520,51588,119,345395474f844ccb8717f83609c08a5d,2020-02-03_22-49-44,1580788184,31.16477346420288,3689.7764418125153,8908,gammaumd5,10.70.51.83,3689.7764418125153,8191520,119,8,c1743e38,0,-114.5054762151558,3.7783017791031526,-34.811415130890396,16.446699930237422,6.576275311127797,1.5251305980891345,0.0,0.4,1018,51133952,8191520,3082.758,0.0,17064,2306,61.02,73.60999999999999,0.0,0.013525780682643426,0.11825,0.06842726200199656,122714,0.2,0.4,"[0.0, 0.0, 0.0, 1.0, 1.0]",27.997,61.236,55.222,6145440,12466688,42143740,25000,-14.94099,31.805428,-102.07865
-92.225205371622,-208.49916988355108,-105.66559255397769,44.51687388987567,563,66560,False,8258080,52151,120,345395474f844ccb8717f83609c08a5d,2020-02-03_22-50-15,1580788215,31.187304258346558,3720.963746070862,8908,gammaumd5,10.70.51.83,3720.963746070862,8258080,120,8,c1743e38,0,-109.4753660329928,3.733486751172066,-35.22186418465923,16.44792106612592,6.582838590693144,1.525054404324557,0.0,0.4,1027,51557888,8258080,0.0,0.0,17202,2306,61.8375,73.7025,0.0,0.013525780682643426,0.11524999999999999,0.06842726200199656,123540,0.44,0.6681317235396026,"[0.0, 0.0, 0.0, 1.1000000000000014, 2.0]",28.246,63.232,68.706,6195840,12571136,42143740,25000,-17.442503,1.9200919,-101.89793
-90.46732137375511,-299.7675691868644,-107.10620706685172,46.49726775956284,549,67040,False,8325120,52700,121,345395474f844ccb8717f83609c08a5d,2020-02-03_22-50-46,1580788246,31.1226065158844,3752.086352586746,8908,gammaumd5,10.70.51.83,3752.086352586746,8325120,121,8,c1743e38,0,-112.64695212501101,4.618207925853007,-35.702069022283915,16.447168851547346,6.587841655604994,1.5250029133581198,0.0,0.4,1035,51987968,8325120,0.0,0.0,17341,2306,59.980487804878045,73.80000000000001,0.0,0.013525780682643426,0.12097560975609756,0.06842726200199656,124381,0.24,0.5499090833947008,"[0.0, 0.0, 0.0, 1.0, 2.0]",31.474,61.262,59.669,6239520,12679680,42143740,25000,-18.159912,6.1051016,-109.744316
-87.47081173048355,-300.65457819681615,-104.84315157725165,47.68893129770992,524,66720,False,8391840,53224,122,345395474f844ccb8717f83609c08a5d,2020-02-03_22-51-17,1580788277,31.14432191848755,3783.2306745052338,8908,gammaumd5,10.70.51.83,3783.2306745052338,8391840,122,8,c1743e38,0,-105.44371320167556,4.72949119346837,-34.94771719241722,16.44666146976927,6.593402955641059,1.5251028828584834,0.0,0.4,1044,52416512,8391840,0.0,0.0,17481,2306,61.410000000000004,73.8775,0.0,0.013525780682643426,0.11825000000000001,0.06842726200199656,125217,0.28,0.4915282290977803,"[0.0, 0.0, 0.0, 1.0, 2.0]",31.521,65.44,59.795,6291840,12784640,42143740,25000,-18.08268,2.5456383,-109.30862
-91.05650356505068,-300.41948195407167,-104.10191656377052,46.07592592592592,540,66880,False,8458720,53764,123,345395474f844ccb8717f83609c08a5d,2020-02-03_22-51-48,1580788308,31.020626068115234,3814.251300573349,8908,gammaumd5,10.70.51.83,3814.251300573349,8458720,123,8,c1743e38,0,-103.33680440788157,4.080736086781442,-34.700638854590174,16.444116773687185,6.5979758225081895,1.524643229916702,0.0,0.4,1052,52844544,8458720,0.0,0.0,17619,2306,61.1475,73.97,0.0,0.013525780682643426,0.11425,0.06842726200199656,126053,0.28,0.530659966456864,"[0.0, 0.0, 0.0, 1.0, 2.0]",33.575,70.407,66.219,6339360,12889088,42143740,25000,-16.816711,15.904116,-103.266716
-91.51385848340581,-295.9459437383339,-105.30957890749292,45.34234234234234,555,66560,False,8525280,54319,124,345395474f844ccb8717f83609c08a5d,2020-02-03_22-52-19,1580788339,30.883338689804077,3845.134639263153,8908,gammaumd5,10.70.51.83,3845.134639263153,8525280,124,8,c1743e38,0,-105.14204376951481,3.8946287042926997,-35.10319296916431,16.44487856688096,6.603912717732839,1.5246973933719286,0.0,0.4,1061,53279232,8525280,0.0,0.0,17759,2306,60.61500000000001,74.0675,0.00025,0.013525780682643426,0.122,0.06842726200199656,126902,0.22,0.5015974481593781,"[0.0, 0.0, 0.0, 1.0, 2.0]",25.575,58.02,59.599,6400800,12992512,42143740,25000,-18.735067,12.711031,-109.26751
-94.23034421284686,-217.4594886456616,-108.19151157485675,48.64509803921569,510,66400,False,8591680,54829,125,345395474f844ccb8717f83609c08a5d,2020-02-03_22-52-50,1580788370,30.926673889160156,3876.0613131523132,8908,gammaumd5,10.70.51.83,3876.0613131523132,8591680,125,8,c1743e38,0,-107.71600227802992,3.1399305056159648,-36.06383719161892,16.445085562178242,6.607520354066862,1.5243017809966681,0.0,0.4,1070,53712896,8591680,0.0,0.0,17896,2306,61.92999999999999,74.1625,0.0,0.013525780682643426,0.11624999999999999,0.06842726200199656,127749,0.3,0.5385164807134504,"[0.0, 0.0, 0.0, 1.0, 2.0]",31.273,71.408,68.413,6451680,13098496,42143740,25000,-16.348618,-0.29133815,-107.8551
-92.22845309739935,-245.84195800754244,-111.72435163720172,49.12252964426877,506,66240,False,8657920,55335,126,345395474f844ccb8717f83609c08a5d,2020-02-03_22-53-21,1580788401,31.044682264328003,3907.1059954166412,8908,gammaumd5,10.70.51.83,3907.1059954166412,8657920,126,8,c1743e38,0,-133.2327803351606,3.7577873527382764,-37.24145054573391,16.44722411863061,6.612268361389702,1.5246216927174625,0.0,0.4,1078,54145024,8657920,0.0,0.0,18034,2306,60.99000000000001,74.23500000000001,0.0,0.013525780682643426,0.11875,0.06842726200199656,128593,0.32,0.5075431016179808,"[0.0, 0.0, 0.0, 1.0, 2.0]",33.848,65.64,60.463,6496800,13204992,42143740,25000,-14.991804,12.381936,-105.35517
-3.358549554832294,-345.16087774210615,-112.2699682968148,74.80538922155688,334,68160,False,8726080,55669,127,345395474f844ccb8717f83609c08a5d,2020-02-03_22-53-52,1580788432,31.01122283935547,3938.1172182559967,8908,gammaumd5,10.70.51.83,3938.1172182559967,8726080,127,8,c1743e38,0,-127.3972345443132,4.42928621172905,-37.42332276560494,16.454194301840424,6.61102668845795,1.5243872531938065,0.0,0.4,1087,54575104,8726080,0.0,0.0,18178,2306,60.5825,74.31499999999998,0.0,0.013525780682643426,0.11625,0.06842726200199656,129433,0.26,0.48207883172775806,"[0.0, 0.0, 0.0, 1.0, 2.0]",27.206,58.515,55.292,6549120,13309440,42143740,25000,-10.594149,2.044156,-112.990616
8.877141369506717,-223.10587063035925,-109.76578437613342,81.16666666666667,300,68000,False,8794080,55969,128,345395474f844ccb8717f83609c08a5d,2020-02-03_22-54-24,1580788464,31.125892400741577,3969.2431106567383,8908,gammaumd5,10.70.51.83,3969.2431106567383,8794080,128,8,c1743e38,0,-136.2088075748179,5.791041424187519,-36.588594792044475,16.465695414656064,6.611073468348492,1.525126855136283,0.0,0.4,1096,55005184,8794080,0.0,0.0,18317,2306,62.08,74.4,0.0,0.013596132897603485,0.1165,0.06842726200199656,130273,0.24,0.47159304490206383,"[0.0, 0.0, 0.0, 1.0, 2.0]",27.94,72.226,69.096,6598560,13413888,42143740,25000,-12.00598,-0.67820555,-118.44605
10.92310609854757,-353.9267802501563,-115.39256375606608,86.95253164556962,316,68480,False,8862560,56285,129,345395474f844ccb8717f83609c08a5d,2020-02-03_22-54-55,1580788495,31.0293869972229,4000.272497653961,8908,gammaumd5,10.70.51.83,4000.272497653961,8862560,129,8,c1743e38,0,-125.06951155901575,7.46350446824605,-38.464187918688694,16.452824043964416,6.601860945068804,1.522438658906951,0.0,0.4,1104,55434752,8862560,0.0,127522.782,18461,2306,60.529999999999994,74.45500000000001,0.0,0.013616557734204792,0.12325,0.06842726200199656,131112,0.26,0.5219195340279955,"[0.0, 0.0, 0.0, 1.0, 2.0]",26.673,61.812,53.824,6645600,13519872,42143740,25000,-15.446484,4.018526,-106.806465
4.026899362215772,-252.58663090388285,-106.40454106637154,60.491573033707866,356,68000,False,8930560,56641,130,345395474f844ccb8717f83609c08a5d,2020-02-03_22-55-26,1580788526,31.031768321990967,4031.304265975952,8908,gammaumd5,10.70.51.83,4031.304265975952,8930560,130,8,c1743e38,0,-124.27569335435206,6.584241357243926,-35.46818035545718,16.4543677416578,6.603200052013652,1.5243204069373875,0.0,0.4,1113,55858688,8930560,0.0,0.0,18602,2306,61.0780487804878,74.52682926829269,0.0004878048780487805,0.013539065129213382,0.11609756097560975,0.06842726200199656,131940,0.22,0.46,"[0.0, 0.0, 0.0, 1.0, 2.0]",31.613,76.639,68.369,6694560,13621248,42143740,25000,-10.750301,0.23628563,-109.95608
1.9606366641819406,-238.18399618100378,-108.47304318302693,105.08163265306122,294,68960,False,8999520,56935,131,345395474f844ccb8717f83609c08a5d,2020-02-03_22-55-57,1580788557,31.130144834518433,4062.4344108104706,8908,gammaumd5,10.70.51.83,4062.4344108104706,8999520,131,8,c1743e38,0,-121.61160605951832,7.957323538217068,-36.15768106100899,16.443457401433346,6.5951616859795985,1.5226043180530693,0.0,0.4,1121,56282112,8999520,0.0,0.0,18745,2306,60.83,74.6,0.0,0.013525780682643426,0.11274999999999999,0.06842726200199656,132768,0.26,0.5936328831862332,"[0.0, 0.0, 0.0, 1.0, 3.0]",36.002,61.2,56.106,6741600,13726208,42143740,25000,-12.037951,-0.21000886,-97.757576
1.6806013849563755,-220.32847513235174,-103.84766821511644,69.13533834586467,266,68640,False,9068160,57201,132,345395474f844ccb8717f83609c08a5d,2020-02-03_22-56-28,1580788588,30.976431846618652,4093.4108426570892,8908,gammaumd5,10.70.51.83,4093.4108426570892,9068160,132,8,c1743e38,0,-116.76681125878046,11.35491230408661,-34.615889405038814,16.451655349613706,6.59207708856985,1.5225007886393283,0.0,0.4,1129,56704000,9068160,0.0,0.0,18888,2306,60.89,74.675,0.0,0.013525780682643426,0.11850000000000001,0.06842726200199656,133591,0.22,0.46,"[0.0, 0.0, 0.0, 1.0, 2.0]",27.413,66.313,67.553,6792480,13829120,42143740,25000,-7.604018,-0.64507127,-100.911514
15.40853444463572,-304.502608995419,-119.11384888141497,123.87394957983193,238,68640,False,9136800,57439,133,345395474f844ccb8717f83609c08a5d,2020-02-03_22-56-59,1580788619,31.118561267852783,4124.529403924942,8908,gammaumd5,10.70.51.83,4124.529403924942,9136800,133,8,c1743e38,0,-114.58128674677573,12.041730669016637,-39.704616293804996,16.450397510494142,6.591832969601562,1.525465300590753,0.0,0.4,1138,57129472,9136800,0.0,0.0,19033,2306,61.834999999999994,74.7475,0.0,0.013525780682643426,0.11274999999999999,0.06842726200199656,134422,0.3,0.6708203932499369,"[0.0, 0.0, 0.0, 1.0, 3.0]",35.337,73.92,74.374,6839520,13933056,42143740,25000,-12.243087,-0.47051716,-112.3489
11.763592260889709,-405.8402637860273,-142.18227362554686,86.13354037267081,322,67360,False,9204160,57761,134,345395474f844ccb8717f83609c08a5d,2020-02-03_22-57-30,1580788650,30.98547101020813,4155.51487493515,8908,gammaumd5,10.70.51.83,4155.51487493515,9204160,134,8,c1743e38,0,-136.16152128949759,12.848000483199328,-47.39409120851562,16.453368068056886,6.586591778046929,1.5235110086398218,0.0,0.4,1146,57562112,9204160,0.0,46611.47,19174,2306,60.55,74.8,0.0,0.013525780682643426,0.1155,0.06842726200199656,135268,0.26,0.5219195340279956,"[0.0, 0.0, 0.0, 1.0, 2.0]",33.724,60.347,58.373,6891360,14039040,42143740,25000,-13.132979,0.5385122,-106.673325
2.9409879639278955,-360.53458912996575,-137.0604161976765,132.00497512437812,201,68480,False,9272640,57962,135,345395474f844ccb8717f83609c08a5d,2020-02-03_22-58-01,1580788681,31.077268838882446,4186.592143774033,8908,gammaumd5,10.70.51.83,4186.592143774033,9272640,135,8,c1743e38,0,-136.10256663934948,12.472863388170175,-45.68680539922549,16.455336172147746,6.577271025239365,1.5214000617302246,0.0,0.4,1155,57985536,9272640,0.0,0.0,19315,2306,61.504999999999995,74.8875,0.00025,0.013525780682643426,0.11325,0.06842726200199656,136094,0.26,0.5219195340279956,"[0.0, 0.0, 0.0, 1.0, 2.0]",33.323,70.782,66.811,6943680,14141952,42143740,25000,-9.667705,4.4295373,-122.47754
-77.77185614802877,-385.5958537457045,-121.92593152053848,77.96374622356495,331,67680,False,9340320,58293,136,345395474f844ccb8717f83609c08a5d,2020-02-03_22-58-32,1580788712,30.89455819129944,4217.486701965332,8908,gammaumd5,10.70.51.83,4217.486701965332,9340320,136,8,c1743e38,0,-203.8202086755385,11.821240629379943,-40.64197717351283,16.46688646653286,6.580993816161235,1.523748071792762,0.0,0.4,1163,58415104,9340320,0.0,150352.422,19457,2306,60.9375,74.98499999999999,0.0,0.013525780682643426,0.11499999999999999,0.06842726200199656,136933,0.2,0.4472135954999579,"[0.0, 0.0, 0.0, 1.0, 2.0]",30.369,61.847,58.305,6997440,14249984,42143740,25000,-14.258444,-0.2072733,-111.53158
-77.13572218851186,-216.22187238745389,-109.11377578390604,56.44444444444444,459,66560,False,9406880,58752,137,345395474f844ccb8717f83609c08a5d,2020-02-03_22-59-03,1580788743,30.98654556274414,4248.473247528076,8908,gammaumd5,10.70.51.83,4248.473247528076,9406880,137,8,c1743e38,0,-114.13378724618815,10.17644662891204,-36.37125859463534,16.467510738355763,6.58242117552985,1.5227738432937006,0.0,0.4,1172,58848256,9406880,0.0,64297.843,19594,2306,61.025,75.0525,0.0,0.013525780682643426,0.12275,0.06842726200199656,137780,0.22,0.46,"[0.0, 0.0, 0.0, 1.0, 2.0]",29.686,68.109,66.429,7050720,14354944,42143740,25000,-16.825132,12.4761,-105.76981
-94.88085633236915,-300.5139399415348,-110.99566198091982,49.54618473895582,498,67040,False,9473920,59250,138,345395474f844ccb8717f83609c08a5d,2020-02-03_22-59-34,1580788774,31.028263568878174,4279.501511096954,8908,gammaumd5,10.70.51.83,4279.501511096954,9473920,138,8,c1743e38,0,-114.39351623722662,4.9810230844498875,-36.998553993639945,16.467490997049858,6.585223352668391,1.5225847234829761,0.0,0.4,1181,59276288,9473920,8727.451,0.0,19736,2306,61.57750000000001,75.1475,0.0,0.013525780682643426,0.11175000000000002,0.06842726200199656,138615,0.16,0.417612260356422,"[0.0, 0.0, 0.0, 1.0, 2.0]",31.363,65.86,66.118,7102560,14460928,42143740,25000,-14.848631,17.40337,-106.60917
17.940587592078366,-243.03799289208843,-104.79161843569594,78.7202380952381,336,68960,False,9542880,59586,139,345395474f844ccb8717f83609c08a5d,2020-02-03_23-00-05,1580788805,31.059366464614868,4310.560877561569,8908,gammaumd5,10.70.51.83,4310.560877561569,9542880,139,8,c1743e38,0,-118.97344844625331,10.621703136479482,-34.93053947856531,16.473228763497552,6.583545604279147,1.5220080940706076,0.0,0.4,1189,59695616,9542880,0.0,0.0,19877,2306,60.669999999999995,75.2,0.00025,0.0135439360929557,0.11725,0.06842726200199656,139434,0.1,0.3,"[0.0, 0.0, 0.0, 0.10000000000000142, 1.0]",34.319,69.558,67.966,7157760,14564352,42143740,25000,-17.711843,12.139075,-109.78178
24.393634242704138,-277.8529671167489,-114.86930979396715,81.02356902356902,297,69120,False,9612000,59883,140,345395474f844ccb8717f83609c08a5d,2020-02-03_23-00-37,1580788837,31.12108540534973,4341.681962966919,8908,gammaumd5,10.70.51.83,4341.681962966919,9612000,140,8,c1743e38,0,-117.15630086317348,10.985664687740304,-38.28976993132238,16.478651231909925,6.5841649621276765,1.52367629540921,0.0,0.4,1197,60123136,9612000,0.0,167119.35,20021,2306,61.31,75.3,0.0,0.013616557734204792,0.11875,0.06842726200199656,140269,0.26,0.5589275444992848,"[0.0, 0.0, 0.0, 1.0, 2.0]",30.032,67.693,68.078,7214880,14667776,42143740,25000,-0.7055187,1234.4409,-142.21773
-22.648790402337923,-237.41745439707302,-111.62461638327204,66.25129533678756,386,67840,True,9679840,60269,141,345395474f844ccb8717f83609c08a5d,2020-02-03_23-01-08,1580788868,30.987918376922607,4372.669881343842,8908,gammaumd5,10.70.51.83,4372.669881343842,9679840,141,8,c1743e38,0,-118.88759580091573,10.25186164366702,-37.208205461090685,16.463210648559944,6.578284814705992,1.5215781256627676,0.0,0.4,1206,60549120,9679840,0.0,88959.555,20164,2306,61.254999999999995,75.35,0.0005,0.013593863471314449,0.11274999999999999,0.06842726200199656,141101,0.12,0.3249615361854384,"[0.0, 0.0, 0.0, 1.0, 1.0]",38.727,63.665,57.867,7266720,14769664,42143740,25000,-15.876448,24.420486,-132.27243
